work_center_code,machine_code,operation_time_min,setup_time_min,process_sheet_type,pgl_no,operation_sequence,total_smh,cost_center,weapon_system,sub_assembly_stage,manufacturing_unit,contract_order_qty,planning_period_qty,contracted_delivery_days,delivery_urgency_score,planning_period,available_machine_hrs_day,shift_pattern,num_parallel_lines,working_days_in_period,machine_oee_pct,machine_age_years,planned_downtime_hrs_month,skilled_tech_available,fai_required_flag,qa_gate_clearance_hrs,rework_rate_pct,drdo_signoff_required,vendor_lead_time_days,indigenisation_pct,export_order_flag,process_sheet_prep_days,drdo_signoff_lead_days,jig_fixture_prep_days,fai_setup_lead_days,required_capacity_hrs,utilization_rate,bottleneck_flag,delivery_risk_flag,overload_severity
WC_MACH,CNC_001,50.407532573528144,79.30166538799304,Standard,PGL_KONKURS_ATGM,1,15.962385314950579,CC_BHANUR,Konkurs,Mech_Fab,Bhanur,272,19,185,0.005376344086021506,2023-06,8.0,Single,2,22,0.825495073131014,12,21.125614948379983,2,0,5.063940378615553,0.02663028506306512,0,118,64.97363588170674,0,12.36878887817708,0.0,32.72119710172939,0.0,23.905574215530063,0.019280223597278358,0,0,OK
WC_INTEGRATION,INTEG_LINE_2,597.4185306392851,129.7309593706372,Standard,PGL_AKASH_SAM,9,199.13951021309504,CC_IBP,Akash,Integration,Ibrahimpatnam,170,20,98,0.010101010101010102,2023-04,8.0,Single,1,22,0.8737374837100447,2,19.368084933583294,1,0,2.649060736501857,0.03374551851067504,1,135,75.81622426704189,0,12.183888497921306,25.69332112560346,12.200034675625687,0.0,243.65970804135847,1.103609889715567,1,0,Critical
WC_SHEET,SHEET_FAB_01,33.393816002956264,94.26354984378273,Standard,PGL_MILAN_ATGM,2,6.122199600541982,CC_HYD,Milan2T,Mech_Fab,Hyderabad,132,11,631,0.0015822784810126582,2024-05,16.0,Double,4,22,0.7435122756790832,30,22.72641934771484,9,0,1.757646115130811,0.017897300560930626,0,122,70.58405970747876,0,8.859917795230682,0.0,11.241951818235574,0.0,11.661667620378864,0.013306949705903487,0,0,OK
WC_WARHEAD,WARHEAD_FILL_01,104.27020748297302,107.54146712063918,FAI,PGL_KONKURS_ATGM,7,20.854041496594604,CC_HYD,Konkurs,Warhead,Hyderabad,208,12,626,0.001594896331738437,2023-01,16.0,Double,1,22,0.7565932886256821,25,29.47402550151758,4,1,6.95832834862584,0.018582156413410895,0,162,61.034078198735216,0,36.64306880122335,0.0,24.520051429954727,23.458211585875446,42.03939712252846,0.04421557556040357,0,0,OK
WC_ELEC,ELEC_ASSY_02,70.6506246808678,80.49283630292929,Rework,PGL_AKASH_SAM,4,14.130124936173559,CC_IBP,Akash,Electronics_Assy,Ibrahimpatnam,113,12,135,0.007352941176470588,2024-03,16.0,Double,8,23,0.8638390084908303,4,12.432514980640985,18,0,4.029061145344814,0.027519313567164184,1,288,75.89105829999218,0,4.971720716167535,29.72974135859379,9.310612442907894,0.0,18.40018039332965,0.04915553061422341,0,0,OK
WC_PROP,PROP_ASSY_01,104.77038326013606,74.78847618930214,Standard,PGL_NAG_ATGM,6,24.44642276069841,CC_HYD,Nag,Propulsion,Hyderabad,363,14,44,0.022222222222222223,2024-02,16.0,Double,4,22,0.7587585725540757,29,16.817275434058494,9,0,7.393764440343825,0.014016778320258374,1,82,71.97310814540712,0,12.829083071704757,24.994495890713278,12.344547710967587,0.0,37.26741676044305,0.046860683588945996,1,1,OK
WC_QA_INSP,QA_GATE_02,30.0,130.83974655376738,Standard,PGL_TORPEDO_LWT,12,8.0,CC_VIZAG,LWT,QA_Inspect,Visakhapatnam,108,16,292,0.0034129692832764505,2024-07,16.0,Double,4,20,0.8592625508510435,8,14.16348740147842,8,0,0.5218562807716977,0.013814432499780704,0,162,59.354484985070556,0,13.515397376346979,0.0,5.097008725084322,0.0,13.511221227279524,0.025307553055839996,0,0,OK
WC_PROOF,HIL_SIM_01,960.0,102.16071081599759,Refurbishment,PGL_KONKURS_ATGM,11,528.0,CC_HYD,Konkurs,Proof_Test,Hyderabad,254,33,256,0.0038910505836575876,2023-09,8.0,Single,1,24,0.668978170899197,30,7.4171653883923225,2,0,5.284328206842109,0.020685373475520095,0,259,59.61125537752011,0,16.45016868067571,0.0,9.544640284350503,0.0,827.7276662101988,0.8622295303203454,1,0,Warning
WC_ELEC,ELEC_ASSY_02,86.01363639316324,73.94771543000954,Standard,PGL_MILAN_ATGM,4,14.335606065527205,CC_BHANUR,Milan2T,Electronics_Assy,Bhanur,137,10,179,0.005555555555555556,2024-05,16.0,Double,2,23,0.7962921805463266,14,6.864789078862103,4,0,4.2659070446226055,0.016492853087306573,0,302,57.395070727277236,0,13.586535988479403,0.0,8.219678596851598,0.0,21.166121830463464,0.04917260342978942,0,0,OK
WC_LAUNCHER,LAUNCHER_ASSY_01,659.3086083169709,35.573532256320306,Standard,PGL_MILAN_ATGM,10,142.850198468677,CC_BHANUR,Milan2T,Integration,Bhanur,308,13,187,0.005319148936170213,2024-11,16.0,Double,2,23,0.8675676660738969,7,21.4115607072692,7,0,3.7933228365796823,0.013280515256609109,0,236,56.46418991576911,0,7.747346036236708,0.0,5.1705254328520835,0.0,170.06364561303639,0.10984584178717231,0,0,OK
WC_PROOF,PROOF_STAND_01,218.88655418873716,25.118001713553735,Rework,PGL_NAG_ATGM,11,102.14705862141068,CC_HYD,Nag,Proof_Test,Hyderabad,103,28,223,0.004464285714285714,2023-05,8.0,Single,1,20,0.754927125676703,28,15.303907586216601,3,0,2.6158179968025843,0.02846014328853886,1,94,78.07799537742993,0,7.734781738706724,10.809690852548098,10.3601205666372,0.0,147.9969080700815,0.6709989988366535,0,0,OK
WC_SEEKER,SEEKER_TEST_02,788.2917666385816,171.859036986155,Standard,PGL_HELINA_ATGM,5,275.9021183235036,CC_HYD,HELINA,Seeker_Assy,Hyderabad,97,21,585,0.0017064846416382253,2023-12,8.0,Single,1,23,0.8217841397760339,11,21.927958409270477,1,0,6.84754117652018,0.011813969363619423,1,41,86.9438495641376,0,5.392605611052261,20.32895521492882,20.335781589298165,0.0,366.38814534938314,1.4307545294254218,1,0,Critical
WC_PACK,PACK_LINE_01,20.0,43.454924263996034,Standard,PGL_MILAN_ATGM,13,2.3333333333333335,CC_HYD,Milan2T,QA_Inspect,Hyderabad,304,7,365,0.00273224043715847,2023-05,16.0,Double,3,23,0.7871541479261289,25,25.78863328356991,6,0,5.113137248657625,0.022026527252648864,0,187,60.61831365358034,0,11.272929675748397,0.0,6.526968104465608,0.0,4.0184151328417625,0.01490246969920441,0,0,OK
WC_TORPEDO,TORP_ASSY_02,325.03655173349847,83.49047202261326,Standard,PGL_TORPEDO_LWT,8,70.42458620892467,CC_VIZAG,LWT,Integration,Visakhapatnam,250,13,274,0.0036363636363636364,2024-06,8.0,Single,2,22,0.8428526823465607,3,9.640780791463502,2,0,2.550327320445991,0.012246367963476128,0,365,70.4698167821393,0,11.302086267790848,0.0,6.99043279649165,0.0,92.57404485384349,0.24957518407753299,0,0,OK
WC_SMT,SMT_LINE_2,84.63446221056732,151.11446975361724,Standard,PGL_NAG_ATGM,3,21.15861555264183,CC_HYD,Nag,Electronics_Assy,Hyderabad,130,15,664,0.0015037593984962407,2024-09,16.0,Double,3,21,0.7203054782637823,27,18.983794922609427,8,0,0.7859336318960126,0.0226083514202293,1,362,89.11906480649066,0,9.744686240945164,11.816515371621934,11.327857033915464,0.0,33.70191802691389,0.023789171096713455,0,0,OK
WC_ELEC,ELEC_ASSY_02,60.0,106.61935578086116,Standard,PGL_MILAN_ATGM,4,13.0,CC_BHANUR,Milan2T,Electronics_Assy,Bhanur,387,13,151,0.006578947368421052,2023-04,8.0,Single,4,22,0.8093400731666566,11,15.791728474685755,4,0,7.491086126676211,0.017146658102479343,0,244,48.04276323179446,0,7.341431901970319,0.0,6.845464311192399,0.0,22.004412058639353,0.046042045165209884,0,0,OK
WC_PACK,PACK_LINE_01,81.99705584465055,130.05689914896033,FAI,PGL_MILAN_ATGM,13,19.132646363751796,CC_BHANUR,Milan2T,QA_Inspect,Bhanur,225,14,246,0.004048582995951417,2024-11,16.0,Double,3,22,0.7959266608626864,19,29.610400854526663,6,1,6.906473336041696,0.04237400137021259,0,321,47.28280549184068,0,33.66623875758492,0.0,34.11764592909409,20.745996000735296,39.18992750545993,0.020517979252121836,1,0,OK
WC_PROOF,HIL_SIM_01,334.67139767481206,41.22549161564444,Standard,PGL_AKASH_SAM,11,111.55713255827068,CC_HYD,Akash,Proof_Test,Hyderabad,284,20,708,0.0014104372355430183,2023-11,8.0,Single,1,23,0.7568763551878691,16,12.512992721960131,1,0,4.851445469972419,0.01696750855492854,1,203,77.34648517512501,0,13.149784152199333,20.07500021163066,11.182379915781885,0.0,160.16578341557747,0.7576226283206242,1,0,Warning
WC_SHEET,SHEET_FAB_02,26.17863806618025,159.69649653712062,Standard,PGL_TORPEDO_HWT,2,3.926795709927037,CC_VIZAG,HWT,Mech_Fab,Visakhapatnam,121,9,378,0.002638522427440633,2023-01,8.0,Single,1,24,0.7936295533901503,12,12.525240936044566,1,0,3.9455596986155195,0.015567809075267872,0,246,72.19297045072017,0,6.414458100057122,0.0,12.97531714137971,0.0,8.57515117020438,0.011817037838811224,0,0,OK
WC_ELEC,ELEC_ASSY_01,211.72167717340366,104.91974830962766,FAI,PGL_MILAN_ATGM,4,28.229556956453823,CC_BHANUR,Milan2T,Electronics_Assy,Bhanur,218,8,47,0.020833333333333332,2023-04,8.0,Single,4,22,0.8046851646774874,16,16.73819929884327,5,1,7.8176759802460225,0.04162321978132026,0,329,51.86673365845882,0,30.822250135881923,0.0,23.45006531888844,17.793738258414397,53.020195979696,0.046042045165209884,0,1,OK
WC_WARHEAD,WARHEAD_FILL_01,163.07116264576095,148.34382542157735,Standard,PGL_AKASH_SAM,7,46.2034960829656,CC_IBP,Akash,Warhead,Ibrahimpatnam,328,17,605,0.0016501650165016502,2023-11,24.0,Triple,6,23,0.8714577556686528,4,18.86958727405093,19,0,6.118236259900134,0.011903424016464147,1,250,71.46247483605725,0,12.683724650382125,10.885964574750373,5.813205594956687,0.0,65.056185973405,0.05033226694430646,0,0,OK
WC_ELEC,ELEC_ASSY_02,113.75878357077399,136.30370515623048,FAI,PGL_AKASH_SAM,4,15.16783780943653,CC_HYD,Akash,Electronics_Assy,Hyderabad,197,8,48,0.02040816326530612,2024-02,24.0,Triple,3,23,0.8141203916506483,12,5.021175434035517,9,1,4.187182883715329,0.01715270864605105,1,294,89.25473909672777,0,26.747169029150474,36.88765886418738,27.16035353678922,24.699293792027213,27.30994509976702,0.03715960173472762,1,1,OK
WC_PROOF,HIL_SIM_01,696.0,104.85172953430789,Standard,PGL_ASTRA_AAM,11,139.2,CC_HYD,Astra,Proof_Test,Hyderabad,179,12,607,0.001644736842105263,2023-06,8.0,Single,1,23,0.8297594531790616,17,24.515775073664297,1,0,6.537191051284674,0.0258567115653821,1,44,92.2055792191848,0,13.247434986908544,27.37673667305611,11.181612192957374,0.0,172.2796928729754,0.5993195091046243,0,0,OK
WC_INTEGRATION,INTEG_LINE_2,120.0,167.08915870703706,Standard,PGL_NAG_ATGM,9,26.0,CC_HYD,Nag,Integration,Hyderabad,102,13,136,0.0072992700729927005,2023-01,16.0,Double,2,23,0.7504605530068575,23,11.5602526432391,4,0,3.5833100485190896,0.021707563518710046,1,133,71.67798673150352,0,11.719862735357287,15.753243454344883,10.091990179640458,0.0,41.19252061597223,0.9192869523776003,1,0,Critical
WC_WARHEAD,WARHEAD_FILL_01,116.55532301738981,82.23970035479043,FAI,PGL_KONKURS_ATGM,7,25.25365332043446,CC_BHANUR,Konkurs,Warhead,Bhanur,379,13,423,0.0023584905660377358,2023-03,8.0,Single,4,22,0.8089992748409569,12,6.40858615388896,4,1,1.2600078174479052,0.02697492661211,0,98,68.97829439015823,0,34.45348354900473,0.0,19.63836423822494,31.996762195335062,39.662046701872555,0.04898868566064905,1,0,OK
WC_ELEC,ELEC_ASSY_02,105.84912888015441,158.2435034737005,Standard,PGL_CMDS,4,24.698130072036026,CC_HYD,CMDS,Electronics_Assy,Hyderabad,86,14,707,0.0014124293785310734,2024-02,16.0,Double,4,22,0.8044456821491135,14,26.833724593349707,8,0,4.31388586470395,0.02117364801398045,0,201,76.4228929156279,0,14.898647692936999,0.0,12.302642227236735,0.0,38.591481673014485,0.03715960173472762,0,0,OK
WC_SEEKER,SEEKER_TEST_02,450.0822405912578,155.0975401641469,Standard,PGL_NAG_ATGM,5,165.0301548834612,CC_HYD,Nag,Seeker_Assy,Hyderabad,62,22,225,0.004424778761061947,2023-12,8.0,Single,1,23,0.8382133316051019,12,24.73575246089401,3,0,1.413291651492457,0.016163120208040484,1,83,76.72272068705921,0,6.043874104105838,12.19364379623202,30.92877233638727,0.0,214.72766203216304,1.4307545294254218,1,0,Critical
WC_INTEGRATION,INTEG_LINE_1,720.0,136.69017951518344,Standard,PGL_MILAN_ATGM,9,144.0,CC_BHANUR,Milan2T,Integration,Bhanur,25,12,636,0.0015698587127158557,2023-11,8.0,Single,4,22,0.8113600683219926,19,19.617783145964083,6,0,3.6604628747245544,0.015549938473350077,0,229,57.19657220457926,0,8.901640657314111,0.0,9.685968138590919,0.0,165.12204704123315,0.8314142502340606,0,0,Warning
WC_INTEGRATION,INTEG_LINE_2,1044.0,85.51902259859065,Rework,PGL_KONKURS_ATGM,9,208.8,CC_BHANUR,Konkurs,Integration,Bhanur,237,12,245,0.0040650406504065045,2024-09,8.0,Single,1,23,0.848997120528212,5,20.007940659062456,2,0,1.7387297923778111,0.021672025211486853,0,297,63.94630226973824,0,4.131643425564801,0.0,9.927571570141446,0.0,259.28620118635723,0.866785568382297,1,0,Warning
WC_PROOF,PROOF_STAND_01,283.3206007669702,36.26748430523787,FAI,PGL_MILAN_ATGM,11,80.27417021730822,CC_BHANUR,Milan2T,Proof_Test,Bhanur,326,17,539,0.001851851851851852,2023-06,8.0,Single,1,22,0.8136180790849825,15,7.011044703312717,2,1,6.220564577743157,0.02008458204473608,0,154,60.383026780754754,0,20.5192582253541,0.0,23.220005809708113,19.572028117075053,138.25991993953585,0.5993195091046243,0,0,OK
WC_INTEGRATION,INTEG_LINE_1,383.9159938474794,117.15611453346908,Refurbishment,PGL_AKASH_SAM,9,204.75519671865567,CC_IBP,Akash,Integration,Ibrahimpatnam,397,32,634,0.0015748031496062992,2024-05,8.0,Single,1,21,0.8554583182502218,3,5.622468580203186,3,0,1.7939209523021076,0.026691961369278948,1,268,87.29178972450633,0,15.37836777556549,22.69185857745093,6.0201904586206485,0.0,268.52548717239694,1.1440893727502779,0,0,Critical
WC_PROOF,HIL_SIM_01,696.0,58.08739166554103,Standard,PGL_AKASH_SAM,11,162.4,CC_IBP,Akash,Proof_Test,Ibrahimpatnam,132,14,462,0.0021598272138228943,2024-03,8.0,Single,1,22,0.822206530990621,5,29.433731057184772,2,0,5.982461082326614,0.014771959508024474,1,365,79.41945568591498,0,12.87780776426403,17.08125915219125,11.391676722960575,0.0,209.22440682485777,1.0604940538747045,1,0,Critical
WC_PACK,PACK_LINE_01,40.557082567527424,46.910760359649416,Standard,PGL_MILAN_ATGM,13,7.435465137380027,CC_HYD,Milan2T,QA_Inspect,Hyderabad,78,11,173,0.005747126436781609,2023-07,24.0,Triple,4,20,0.7736723178954894,22,17.849849741258378,13,0,4.3808767687559955,0.027649317251769924,0,81,42.534121241081955,0,13.141065921325485,0.0,9.21248551610178,0.0,12.273314930727299,0.015949907153425473,0,0,OK
WC_ELEC,ELEC_ASSY_02,60.0,158.40004769954126,Standard,PGL_MILAN_ATGM,4,12.0,CC_BHANUR,Milan2T,Electronics_Assy,Bhanur,299,12,504,0.0019801980198019802,2023-07,16.0,Double,3,21,0.8041085607684486,13,27.13009805989848,7,0,4.57777116748718,0.018448419194953075,0,159,41.72187459626617,0,9.09093375320349,0.0,12.894873888689489,0.0,19.384877355718295,0.04231158383519089,0,0,OK
WC_INTEGRATION,INTEG_LINE_1,741.0417896450344,107.09653378399238,Standard,PGL_AKASH_SAM,9,284.06601936392985,CC_IBP,Akash,Integration,Ibrahimpatnam,249,23,438,0.002277904328018223,2024-02,8.0,Single,1,24,0.8893299177723989,1,18.577296129692733,1,0,4.401503674360186,0.0175936241100931,1,229,87.14414952901397,0,14.39330539713565,28.39527973631719,13.383455832807385,0.0,320.10188885161807,1.5653278295965334,1,0,Critical
WC_MACH,CNC_003,94.19294184215543,125.00929348917421,FAI,PGL_AKASH_SAM,1,25.11811782457478,CC_HYD,Akash,Mech_Fab,Hyderabad,137,16,725,0.0013774104683195593,2024-01,8.0,Single,2,21,0.7349384020230313,23,8.256486113432935,4,1,6.272381531581587,0.03300265802205834,1,333,76.35203451658089,0,20.825924268783407,30.042676452479387,41.5776051051895,24.19938257298744,52.34993921414932,0.02327461690922269,0,0,OK
WC_PROP,PROP_ASSY_01,171.28570965531262,23.70868192735633,Standard,PGL_AMOGHA_ATGM,6,31.40238010347398,CC_HYD,Amogha3,Propulsion,Hyderabad,168,11,685,0.0014577259475218659,2023-06,8.0,Single,3,20,0.8035776499347804,16,29.408326371881557,4,0,3.0213693697367114,0.031952736715173215,1,281,77.02412649948833,0,9.425395321751873,16.827252258791816,34.06737159537584,0.0,42.37209034565678,0.083843444070337,1,0,OK
WC_MACH,CNC_001,62.92603177166767,176.66890211683068,Standard,PGL_MILAN_ATGM,1,16.780275139111378,CC_HYD,Milan2T,Mech_Fab,Hyderabad,134,16,339,0.0029411764705882353,2024-01,16.0,Double,1,22,0.7606888064607021,26,10.97058192000445,3,0,1.7854648882862452,0.010446540543280024,0,87,58.78434095975629,0,11.969851909347078,0.0,23.69485668589905,0.0,31.81425355135608,0.02327461690922269,0,0,OK
WC_MACH,CNC_003,52.23386099578877,175.1785978502116,FAI,PGL_AKASH_SAM,1,9.57620784922794,CC_IBP,Akash,Mech_Fab,Ibrahimpatnam,325,11,650,0.0015360983102918587,2023-01,16.0,Double,6,23,0.881558758966492,3,18.241960671227645,14,1,1.28790780638075,0.020804912981775614,1,334,72.52969357878148,0,24.940681510338777,33.955308845375306,41.91781052467796,19.415637343430443,19.83485648862884,0.01862496610194626,0,0,OK
WC_QA_INSP,QA_GATE_02,153.61029678097202,115.67169033467157,Standard,PGL_KONKURS_ATGM,12,20.481372904129604,CC_BHANUR,Konkurs,QA_Inspect,Bhanur,261,8,274,0.0036363636363636364,2023-04,24.0,Triple,1,24,0.818612329556046,9,21.292874491247833,5,0,5.976477541844042,0.015854141022221435,0,175,61.56022793216658,0,5.784584881920293,0.0,8.963057184680943,0.0,29.005343148390377,0.02410422283106993,0,0,OK
WC_ELEC,ELEC_ASSY_01,90.02846860937808,148.05869660070917,Standard,PGL_NAG_ATGM,4,16.50521924505265,CC_HYD,Nag,Electronics_Assy,Hyderabad,232,11,176,0.005649717514124294,2023-06,24.0,Triple,2,20,0.7890946570158018,16,8.775335350591993,8,0,4.892359999901474,0.015287866804028591,1,330,74.28719698811992,0,12.13446719258636,18.379838419561953,11.729353669955316,0.0,24.558031232307947,0.05596484701725837,0,0,OK
WC_QA_INSP,QA_GATE_01,82.34514728459905,22.987502030796385,Standard,PGL_MILAN_ATGM,12,10.979352971279873,CC_BHANUR,Milan2T,QA_Inspect,Bhanur,230,8,133,0.007462686567164179,2024-08,24.0,Triple,3,21,0.7874871635311045,14,20.487604251689305,9,0,2.8020927779107305,0.022237313802094497,0,342,61.26011870979313,0,12.719755680030183,0.0,11.6002015169066,0.0,14.57225111744355,0.03847871825616044,0,0,OK
WC_QA_INSP,QA_GATE_02,90.98165513949537,113.55867818051276,Standard,PGL_KONKURS_ATGM,12,21.229052865882252,CC_BHANUR,Konkurs,QA_Inspect,Bhanur,357,14,96,0.010309278350515464,2024-06,16.0,Double,4,23,0.815090388647911,8,19.14476708356934,8,0,5.06959500481385,0.01106678644239989,0,279,66.12360290910671,0,11.5182249804102,0.0,13.295920423904882,0.0,29.628651719573632,0.029490608203867705,0,0,OK
WC_QA_INSP,QA_GATE_01,51.47606631841444,125.05605840527535,Standard,PGL_KONKURS_ATGM,12,8.579344386402406,CC_HYD,Konkurs,QA_Inspect,Hyderabad,258,10,510,0.0019569471624266144,2024-01,24.0,Triple,4,24,0.7413926727539133,29,26.130607344481213,15,0,6.6501214171240965,0.016393145701888392,0,204,68.15539129405678,0,9.449515780545743,0.0,8.045526685451804,0.0,16.382003605435827,0.02536943202956746,0,0,OK
WC_QA_INSP,QA_GATE_01,135.3460152178195,67.25123253049358,Standard,PGL_CMDS,12,33.83650380445488,CC_BHANUR,CMDS,QA_Inspect,Bhanur,82,15,304,0.003278688524590164,2023-05,8.0,Single,2,21,0.7765904940303153,9,23.472193674132896,2,0,4.590742204148913,0.013123479827579729,0,44,82.39830626308554,0,14.08701566469902,0.0,8.678670565756077,0.0,48.53303497897954,0.029556048058247818,0,0,OK
WC_MACH,CNC_002,31.03242370238284,155.44080986353904,Standard,PGL_MILAN_ATGM,1,6.206484740476568,CC_BHANUR,Milan2T,Mech_Fab,Bhanur,407,12,319,0.003125,2024-11,24.0,Triple,1,22,0.787741331921795,18,19.867336387878577,3,0,3.24046596932591,0.019992647588071552,0,147,63.09024010529748,0,11.840317540872848,0.0,20.353522678930517,0.0,11.981349651640347,0.019291851200032167,0,0,OK
WC_QA_INSP,QA_GATE_01,68.9582901413708,75.45688280186732,FAI,PGL_MILAN_ATGM,12,9.194438685516106,CC_BHANUR,Milan2T,QA_Inspect,Bhanur,59,8,493,0.0020242914979757085,2023-10,16.0,Double,3,21,0.864692628263355,7,28.455366507031748,7,1,4.636841443459222,0.028587448095365852,0,200,59.00593103805877,0,41.94731944769852,0.0,28.19555002290221,18.38971801521305,16.189998178488107,0.03345585522511428,0,0,OK
WC_PROOF,PROOF_STAND_01,229.53562394601468,56.35907663630207,Standard,PGL_MILAN_ATGM,11,84.16306211353871,CC_BHANUR,Milan2T,Proof_Test,Bhanur,367,22,459,0.002173913043478261,2024-05,8.0,Single,1,22,0.8620440727649124,6,26.594448294830844,1,0,1.6934660580674747,0.011944425443364798,0,34,54.16330209516111,0,7.512733435858445,0.0,9.531052535437402,0.0,100.66489590525073,0.6946097542321833,0,0,OK
WC_PROOF,PROOF_STAND_01,228.02771451588737,68.66120762469411,FAI,PGL_KONKURS_ATGM,11,41.805080994579356,CC_BHANUR,Konkurs,Proof_Test,Bhanur,291,11,499,0.002,2024-05,24.0,Triple,4,20,0.8435980259382642,9,29.040287794526254,12,1,0.5371836054662542,0.03082228893493038,0,218,71.26385124749234,0,31.603878900687494,0.0,31.430987457756608,21.144012525583125,66.01020115410877,0.6946097542321833,1,0,OK
WC_PROOF,PROOF_STAND_01,225.17138333844872,85.78872776072231,Standard,PGL_MILAN_ATGM,11,251.44137806126773,CC_BHANUR,Milan2T,Proof_Test,Bhanur,327,67,566,0.001763668430335097,2024-05,16.0,Double,1,21,0.7790920252394462,19,6.7593378245717775,3,0,6.598986295153237,0.02093612598682045,0,345,66.8257995303595,0,7.084477657083706,0.0,13.780592243002317,0.0,349.76772179976024,0.6946097542321833,0,0,OK
WC_MACH,CNC_001,69.14416218971597,114.83077064162697,Standard,PGL_MILAN_ATGM,1,12.676429734781262,CC_BHANUR,Milan2T,Mech_Fab,Bhanur,392,11,643,0.0015527950310559005,2024-11,16.0,Double,3,21,0.8447261023320715,9,20.691815303832456,7,0,1.3582713597264646,0.012423485747810135,0,331,67.531273110049,0,13.47135931832631,0.0,21.55652906602318,0.0,17.235734397493996,0.019291851200032167,0,0,OK
WC_QA_INSP,QA_GATE_02,84.67042441476684,158.77633330126505,Standard,PGL_KONKURS_ATGM,12,16.934084882953368,CC_BHANUR,Konkurs,QA_Inspect,Bhanur,185,12,330,0.0030211480362537764,2024-01,8.0,Single,2,22,0.8065937331896063,16,16.52502085672885,2,0,3.3239645085657648,0.023047024848861782,0,328,42.718383705011526,0,11.631891744168202,0.0,8.685430033219783,0.0,28.66052558350537,0.02536943202956746,0,0,OK
WC_PROP,PROP_ASSY_01,90.19484440123723,46.88766358230485,Standard,PGL_AKASH_SAM,6,16.53572147356016,CC_IBP,Akash,Propulsion,Ibrahimpatnam,191,11,530,0.0018832391713747645,2024-01,16.0,Double,4,22,0.8682263957294922,4,27.90150710683418,9,0,1.309744107891852,0.02319878598692417,1,332,79.20789094965617,0,8.189977804332894,19.46704856905572,25.706835853817402,0.0,20.842908051798368,0.05118603912656058,0,0,OK
WC_PROOF,PROOF_STAND_01,653.9892850493341,79.8157077659333,Standard,PGL_MILAN_ATGM,11,163.49732126233351,CC_BHANUR,Milan2T,Proof_Test,Bhanur,215,15,537,0.0018587360594795538,2023-03,8.0,Single,1,22,0.7618795561332384,15,16.100652206057035,2,0,6.050513792341385,0.014536358328497274,0,228,71.8946457817525,0,8.990399504818315,0.0,12.964167175017003,0.0,215.60382636693433,0.9457773923061011,0,0,Critical
WC_MACH,CNC_003,57.3537647899218,137.6713705008067,Standard,PGL_MILAN_ATGM,1,6.69127255882421,CC_HYD,Milan2T,Mech_Fab,Hyderabad,343,7,59,0.016666666666666666,2024-10,8.0,Single,2,22,0.7889714641107456,15,21.409459206352675,3,0,2.700127557574881,0.01924879181848812,0,161,61.5037982332893,0,8.65791504801081,0.0,28.732881912859018,0.0,11.006422986162008,0.014872561352267808,0,0,OK
WC_PROOF,HIL_SIM_01,313.1847236938073,71.87943729629274,Standard,PGL_KONKURS_ATGM,11,114.83439868772935,CC_BHANUR,Konkurs,Proof_Test,Bhanur,130,22,438,0.002277904328018223,2024-08,8.0,Single,1,21,0.825921984926336,10,16.893686225785892,1,0,2.694565266608942,0.021812467474879242,0,174,66.03189412324582,0,12.544687083121747,0.0,10.290142092822839,0.0,140.18183549522328,0.9808307936157117,1,0,Critical
WC_PROOF,HIL_SIM_01,197.47613590168592,143.02876686875206,Refurbishment,PGL_MILAN_ATGM,11,26.330151453558123,CC_BHANUR,Milan2T,Proof_Test,Bhanur,268,8,453,0.0022026431718061676,2024-11,16.0,Double,4,23,0.7690486250867876,12,21.80224472854658,9,0,7.889092575194207,0.03141341051576957,0,32,42.449612128390044,0,23.822620786330656,0.0,14.283312145743446,0.0,40.86261508542118,0.5945982482973312,0,0,OK
WC_ELEC,ELEC_ASSY_02,198.61224666028315,25.44438026842146,FAI,PGL_ASTRA_AAM,4,36.41224522105191,CC_HYD,Astra,Electronics_Assy,Hyderabad,278,11,366,0.0027247956403269754,2024-09,16.0,Double,4,22,0.7472026461748769,28,25.863485086782415,8,1,2.513668614632615,0.030084679473488404,1,168,73.69752535955793,0,35.28642686281636,55.49582059579378,20.806330333225524,23.775036793350942,68.808334098278,0.0419034179317843,0,0,OK
WC_PROOF,PROOF_STAND_01,107.9764951169401,140.83628963505302,Standard,PGL_MILAN_ATGM,11,26.99412377923503,CC_HYD,Milan2T,Proof_Test,Hyderabad,135,15,709,0.0014084507042253522,2023-10,8.0,Single,1,23,0.7494829510062785,20,24.30099960412083,1,0,3.206549207339651,0.013989912655806937,0,185,74.42484463479107,0,9.591794804784406,0.0,12.822121882316626,0.0,41.90213610096711,0.7584852900812386,0,0,Warning
WC_PROOF,HIL_SIM_01,696.0,138.09672639904926,Standard,PGL_MILAN_ATGM,11,255.2,CC_BHANUR,Milan2T,Proof_Test,Bhanur,251,22,544,0.001834862385321101,2023-12,8.0,Single,1,22,0.7936267965647009,20,10.06810630760926,2,0,6.151151537523275,0.015842369708325216,0,137,74.94378431524896,0,6.369806933543724,0.0,7.24486783615501,0.0,337.9096991064328,0.5805149550962428,1,0,OK
WC_MACH,CNC_003,16.96885725075285,164.24591595475425,FAI,PGL_NAG_ATGM,1,1.6968857250752853,CC_HYD,Nag,Mech_Fab,Hyderabad,315,6,374,0.0026666666666666666,2023-05,8.0,Single,4,22,0.7164822799921337,30,16.986620438197846,5,1,5.886477090009379,0.02462095606976436,1,103,92.08592312145217,0,40.61048193789465,38.31069160235772,41.42925140538859,33.39766860690251,7.520127906175599,0.015158925648372993,0,0,OK
WC_INTEGRATION,INTEG_LINE_2,453.4324458853754,175.9849701283781,Standard,PGL_MILAN_ATGM,9,468.54686074822126,CC_BHANUR,Milan2T,Integration,Bhanur,59,62,444,0.0022471910112359553,2023-04,16.0,Double,1,22,0.8054534239651168,8,17.860263615075084,3,0,5.744533753365671,0.02203825705054,0,201,67.7615936715727,0,7.932488066126302,0.0,5.614663224411583,0.0,604.1607501983822,1.103609889715567,1,0,Warning
WC_MACH,CNC_002,44.90111918567726,118.77252936488503,Rework,PGL_AKASH_SAM,1,8.980223837135451,CC_HYD,Akash,Mech_Fab,Hyderabad,387,12,184,0.005405405405405406,2023-08,24.0,Triple,4,22,0.8444996344273435,11,16.19405192386521,14,0,1.9121490252799074,0.02017666652768591,1,292,73.23963407916196,0,3.386819457124032,22.102888124111814,22.063314655224413,0.0,13.892854915076256,0.014081131921413506,0,0,OK
WC_MACH,CNC_003,26.42687624353856,54.64062945509007,Standard,PGL_TORPEDO_LWT,1,6.60671906088464,CC_VIZAG,LWT,Mech_Fab,Visakhapatnam,34,15,587,0.0017006802721088435,2023-04,24.0,Triple,3,22,0.8950595343835694,4,22.47363669473141,11,0,7.403977618636191,0.0346758303898055,0,42,79.8877353159854,0,7.836330338948438,0.0,14.041490367822774,0.0,12.006157699571567,0.015249861821050023,0,0,OK
WC_ELEC,ELEC_ASSY_02,480.0,155.07873098671513,Standard,PGL_KONKURS_ATGM,4,136.0,CC_BHANUR,Konkurs,Electronics_Assy,Bhanur,86,17,604,0.001652892561983471,2023-01,16.0,Double,1,22,0.7965988381508178,17,8.040516512069605,2,0,2.902100960836213,0.01853523517581982,0,52,52.976245905167886,0,5.216584525587658,0.0,10.944217897886638,0.0,182.47870245859818,0.05607904698479472,0,0,OK
WC_INTEGRATION,INTEG_LINE_1,508.22724548536627,32.93354995142927,Standard,PGL_AKASH_SAM,9,279.5249850169514,CC_IBP,Akash,Integration,Ibrahimpatnam,107,33,282,0.0035335689045936395,2023-07,8.0,Single,1,22,0.8903897437870522,0,26.140746971700352,2,0,4.405832143480671,0.026829416212980392,1,75,76.51002420896984,0,5.785626972498462,27.24642735836929,7.307295150960979,0.0,349.13434842361585,0.791815406845879,0,0,Warning
WC_INTEGRATION,INTEG_LINE_2,120.0,138.45590600850704,Rework,PGL_NAG_ATGM,9,30.0,CC_HYD,Nag,Integration,Hyderabad,365,15,279,0.0035714285714285713,2024-07,16.0,Double,2,24,0.7561224704118557,25,13.11535166276014,5,0,3.3362369717773426,0.0506123450627915,1,208,79.8288472020548,0,5.735938014981028,15.826168304876404,5.62793491548716,0.0,45.767951676102896,0.8868838857122471,1,0,Critical
WC_SHEET,SHEET_FAB_02,44.097799080331356,157.2570392747477,FAI,PGL_MILAN_ATGM,2,9.554523134071793,CC_HYD,Milan2T,Mech_Fab,Hyderabad,411,13,255,0.00390625,2024-09,16.0,Double,1,23,0.7646109841216243,18,7.679235507111608,2,1,4.2272240216039965,0.042823317551810576,0,213,67.9623697967497,0,35.56436266931812,0.0,28.693787361438453,20.925024419252335,22.75208426420692,0.016797583376001093,0,0,OK
WC_ELEC,ELEC_ASSY_01,132.5224573828199,93.39155621413387,Rework,PGL_AKASH_SAM,4,28.71319909961098,CC_IBP,Akash,Electronics_Assy,Ibrahimpatnam,378,13,437,0.00228310502283105,2023-01,16.0,Double,8,23,0.8087393329993375,4,17.007356469783893,17,0,5.462778841110101,0.025505794818588345,1,241,70.67169135112339,0,4.080157201965362,29.345423807405954,12.15125019816888,0.0,41.7166012729536,0.05607904698479472,0,0,OK
WC_PROOF,PROOF_STAND_01,206.90220041309763,150.33370909853346,Standard,PGL_MILAN_ATGM,11,44.828810089504486,CC_BHANUR,Milan2T,Proof_Test,Bhanur,154,13,301,0.0033112582781456954,2024-08,8.0,Single,1,23,0.8368922525624052,9,14.30734649802444,2,0,6.222324405074331,0.01273128271661115,0,163,70.57958527528295,0,14.151267845365464,0.0,5.825508464022985,0.0,56.3342712290889,0.9808307936157117,1,0,Critical
WC_SEEKER,SEEKER_TEST_02,645.1097677072204,83.0706939003753,Standard,PGL_AKASH_SAM,5,376.3140311625452,CC_IBP,Akash,Seeker_Assy,Ibrahimpatnam,219,35,612,0.0016313213703099511,2023-04,8.0,Single,1,23,0.8915518756823119,3,20.844598984601355,2,0,0.6655635149645446,0.01653333159095808,1,33,78.03138540010372,0,9.208302570357612,15.428432970054937,28.013000080302266,0.0,487.04678025381725,0.7423978963302421,1,0,OK
WC_PROP,PROP_ASSY_01,151.9486359782617,177.87650561706926,Standard,PGL_MILAN_ATGM,6,32.9222044619567,CC_BHANUR,Milan2T,Propulsion,Bhanur,236,13,612,0.0016313213703099511,2023-06,16.0,Double,3,23,0.7878606103760788,13,29.1343999436827,7,0,6.9425834602153556,0.01858122737083248,0,146,70.6709825600387,0,11.76109558873338,0.0,33.56571012085659,0.0,48.00598277383246,0.083843444070337,0,0,OK
WC_INTEGRATION,INTEG_LINE_1,1440.0,24.37429836439857,Standard,PGL_MILAN_ATGM,9,672.0,CC_HYD,Milan2T,Integration,Hyderabad,334,28,300,0.0033222591362126247,2023-10,8.0,Single,1,21,0.7826444855325273,17,6.770897364282703,4,0,2.799037176171448,0.012598330481687698,0,195,58.158508855908494,0,7.7677452688823925,0.0,14.675377106311421,0.0,904.1184893777672,1.3107370179040396,1,0,Critical
WC_PROOF,PROOF_STAND_01,696.0,31.53695813251377,Standard,PGL_MILAN_ATGM,11,255.2,CC_BHANUR,Milan2T,Proof_Test,Bhanur,300,22,310,0.003215434083601286,2024-01,8.0,Single,1,24,0.8276256495536426,5,25.795984333232035,2,0,1.5400343431361185,0.020979140074858876,0,219,50.2407154195968,0,11.023230506166069,0.0,14.704623517576628,0.0,322.62949133571595,1.09970371624574,1,0,OK
WC_INTEGRATION,INTEG_LINE_2,826.4913225640605,41.95063496396006,Rework,PGL_AKASH_SAM,9,344.3713844016919,CC_HYD,Akash,Integration,Hyderabad,95,25,247,0.004032258064516129,2023-10,8.0,Single,1,21,0.7841000927952276,11,9.327781906970252,1,0,7.650297960533903,0.019364539160249036,1,268,80.81170681951362,0,5.318875035221702,17.37590034403069,10.374123932536284,0.0,437.48071740190755,1.3107370179040396,1,0,Critical
WC_LAUNCHER,LAUNCHER_ASSY_01,228.95914861054933,18.447875013919734,Refurbishment,PGL_AKASH_SAM,10,38.159858101758225,CC_IBP,Akash,Integration,Ibrahimpatnam,104,10,372,0.002680965147453083,2024-06,8.0,Single,7,21,0.8608220316974285,1,12.886111652047445,10,0,1.1808482026601428,0.024804604869840374,1,348,83.32568762156755,0,15.850009633165797,10.563709907186876,6.524120259105057,0.0,46.53332269576011,0.08729047215327908,0,0,OK
WC_ELEC,ELEC_ASSY_02,88.36586073783279,68.01954306841068,FAI,PGL_ASTRA_AAM,4,20.61870083882765,CC_HYD,Astra,Electronics_Assy,Hyderabad,152,14,102,0.009708737864077669,2023-11,16.0,Double,3,22,0.7632943778075013,25,5.873818992354653,6,1,7.623431509743213,0.026625904915953617,1,31,74.632812205688,0,35.582618874942995,40.21228703041464,26.764760507799455,33.366447761634106,41.553753604077535,0.056357301202742176,0,1,OK
WC_WARHEAD,WARHEAD_FILL_01,87.22467557167815,101.62875889016276,Standard,PGL_MILAN_ATGM,7,17.444935114335628,CC_BHANUR,Milan2T,Warhead,Bhanur,133,12,200,0.004975124378109453,2023-07,16.0,Double,4,22,0.8483195934351637,11,13.795229252495428,8,0,1.6457850072844509,0.020316815173192504,0,328,47.63443176666413,0,9.540722276329333,0.0,12.04779614753145,0.0,22.182878849941936,0.028671277198719987,0,0,OK
WC_PROP,PROP_ASSY_01,193.53596405663822,76.9617881508397,FAI,PGL_KONKURS_ATGM,6,48.383991014159555,CC_BHANUR,Konkurs,Propulsion,Bhanur,351,15,685,0.0014577259475218659,2023-10,24.0,Triple,4,22,0.7781975908253603,20,11.931869958261785,14,1,1.1144602693387564,0.045495696815414224,0,133,44.15478831559238,0,35.05398848332787,0.0,33.79569761939044,32.69355994938384,87.69512558475128,0.07668175512206533,0,0,OK
WC_PROOF,HIL_SIM_01,199.72756661821717,41.4495844074726,Rework,PGL_MILAN_ATGM,11,89.87740497819773,CC_HYD,Milan2T,Proof_Test,Hyderabad,54,27,397,0.002512562814070352,2024-03,8.0,Single,1,23,0.8088592763391234,13,29.839092912748946,3,0,7.204029830888444,0.03957034457223513,0,185,73.86191839283865,0,5.440143281116762,0.0,5.443565853654051,0.0,122.14466520675074,1.0604940538747045,1,0,Critical
WC_PACK,PACK_LINE_01,23.354594318035794,104.10025791403856,Standard,PGL_AKASH_SAM,13,2.7247026704375092,CC_HYD,Akash,QA_Inspect,Hyderabad,213,7,614,0.0016260162601626016,2024-05,16.0,Double,1,23,0.7853940438517132,24,23.88654282745615,4,0,4.809251777450356,0.01888602925648187,1,214,79.58379085663056,0,11.00290442728463,21.419553049963984,5.389914047049951,0.0,5.844099980612233,0.0129357541524333,0,0,OK
WC_INTEGRATION,INTEG_LINE_1,668.0803688107588,29.30348848041228,Standard,PGL_HELINA_ATGM,9,256.0974747107909,CC_HYD,HELINA,Integration,Hyderabad,141,23,612,0.0016313213703099511,2024-02,8.0,Single,1,22,0.7714392642554632,20,27.252438654545404,4,0,1.8275023427424095,0.01292398378220929,1,259,84.32133279569567,0,13.106947506703623,25.24880417015492,14.194468360592209,0.0,343.1405445591821,1.5653278295965334,1,0,Critical
WC_QA_INSP,QA_GATE_02,57.19740708827051,36.12768787805979,Rework,PGL_MILAN_ATGM,12,11.439481417654102,CC_BHANUR,Milan2T,QA_Inspect,Bhanur,376,12,410,0.0024330900243309003,2024-04,16.0,Double,3,21,0.783612189481185,20,28.07558821976797,8,0,6.036157494585011,0.02480700992546403,0,109,49.12271769528303,0,3.0031107670549746,0.0,10.990239454224247,0.0,17.40071595485168,0.026863961978458015,0,0,OK
WC_PROOF,HIL_SIM_01,114.85601865434707,26.064642318039144,Standard,PGL_MILAN_ATGM,11,40.19960652902147,CC_HYD,Milan2T,Proof_Test,Hyderabad,129,21,387,0.002577319587628866,2024-05,8.0,Single,1,21,0.816840438156001,17,24.95931044501999,1,0,3.816607178864838,0.03447285008079741,0,76,47.678637279422475,0,8.77028859084427,0.0,13.81111922907555,0.0,55.47715575731567,0.6946097542321833,0,0,OK
WC_PROOF,HIL_SIM_01,391.1358601044906,88.47517702358786,Rework,PGL_MILAN_ATGM,11,110.82182702960566,CC_HYD,Milan2T,Proof_Test,Hyderabad,294,17,570,0.0017513134851138354,2024-04,8.0,Single,1,21,0.7977336468644384,11,5.662768555944912,4,0,1.3983923979606323,0.03256633987255272,0,118,72.1923315937428,0,6.28023704696478,0.0,9.595298675100691,0.0,137.72070983254318,0.8526435950339203,1,0,Warning
WC_PROP,PROP_ASSY_01,360.0,177.30143800123778,Standard,PGL_MILAN_ATGM,6,84.0,CC_BHANUR,Milan2T,Propulsion,Bhanur,32,14,78,0.012658227848101266,2023-12,8.0,Single,2,22,0.7612812757366743,19,15.8045190776064,4,0,4.532657292628163,0.015647436829453923,0,160,44.504174901147344,0,13.505377426797837,0.0,23.361003225807263,0.0,118.33713306658359,0.05238404791570891,0,0,OK
WC_INTEGRATION,INTEG_LINE_2,1044.0,174.993355664386,Standard,PGL_KONKURS_ATGM,9,330.6,CC_BHANUR,Konkurs,Integration,Bhanur,225,19,244,0.004081632653061225,2023-12,8.0,Single,1,21,0.839374312189258,15,26.160752630771384,1,0,5.6781319457808035,0.016463592201620983,0,80,44.482522576336606,0,5.838999997448414,0.0,10.803389101190177,0.0,426.974400652526,0.9160721253748326,1,0,Critical
WC_PROOF,HIL_SIM_01,508.6476809447038,98.06900070566465,Standard,PGL_KONKURS_ATGM,11,144.11684293433274,CC_HYD,Konkurs,Proof_Test,Hyderabad,401,17,711,0.0014044943820224719,2023-09,8.0,Single,1,23,0.8023901192539589,15,23.18414440707514,4,0,4.474146519195789,0.033940960922428154,0,206,59.034333073965435,0,7.8145693367791855,0.0,9.074252009217012,0.0,192.94116112526333,0.8622295303203454,1,0,Warning
WC_PROP,PROP_ASSY_01,136.91369480911624,60.989497936338154,Standard,PGL_KONKURS_ATGM,6,43.35600335622014,CC_BHANUR,Konkurs,Propulsion,Bhanur,385,19,441,0.0022624434389140274,2023-01,16.0,Double,2,22,0.8199349656305694,8,24.41954638935782,4,0,6.031441167307827,0.02789559467422858,0,151,49.513010086428274,0,5.916056976322982,0.0,20.880318590487896,0.0,59.7559776152025,0.06793884516810565,0,0,Critical
WC_LAUNCHER,LAUNCHER_ASSY_01,960.0,118.0893373602514,Standard,PGL_AKASH_SAM,10,144.0,CC_IBP,Akash,Integration,Ibrahimpatnam,340,9,479,0.0020833333333333333,2023-05,24.0,Triple,6,20,0.8761224930179843,1,19.58143731140289,18,0,6.8167305975796095,0.012044086377188318,1,310,80.40303570177731,0,6.229206784653876,27.773181605307972,10.030839507798364,0.0,158.75646640928403,0.07178757390310543,0,0,OK
WC_QA_INSP,QA_GATE_01,38.07540360537667,31.414851744277993,Standard,PGL_MILAN_ATGM,12,4.4421304206272785,CC_BHANUR,Milan2T,QA_Inspect,Bhanur,54,7,348,0.0028653295128939827,2023-09,16.0,Double,3,23,0.7981560164408574,20,27.423514749462477,7,0,4.431151142727803,0.029398787853724587,0,86,70.58818797238482,0,8.087620706726025,0.0,5.143778045555578,0.0,5.946655381227734,0.03154139247436192,0,0,OK
WC_SHEET,SHEET_FAB_01,16.16794014710407,147.17001685660486,Standard,PGL_KONKURS_ATGM,2,2.694656691184012,CC_BHANUR,Konkurs,Mech_Fab,Bhanur,297,10,630,0.001584786053882726,2023-07,16.0,Double,2,20,0.8045114678510185,18,20.41192066194197,5,0,5.726564797994524,0.024639576258401682,0,142,58.14483147979635,0,11.300821737396918,0.0,14.669501528881295,0.0,8.394608127830377,0.013759511447244443,0,0,OK
WC_LAUNCHER,LAUNCHER_ASSY_01,180.0,68.63118323858725,Standard,PGL_HELINA_ATGM,10,42.0,CC_HYD,HELINA,Integration,Hyderabad,182,14,591,0.0016891891891891893,2023-01,24.0,Triple,2,20,0.8527007696651712,10,6.433025945538286,7,0,3.498428208790058,0.02128011156144389,1,260,72.19330722548958,0,9.309411423347246,23.6686099491138,10.387374115059425,0.0,50.31590253762759,0.08868677248865978,0,0,OK
WC_QA_INSP,QA_GATE_01,56.500464091335786,107.46258003033333,Standard,PGL_AKASH_SAM,12,16.950139227400737,CC_IBP,Akash,QA_Inspect,Ibrahimpatnam,66,18,82,0.012048192771084338,2023-05,8.0,Single,7,22,0.8625115220356542,1,16.537445394222285,10,0,1.8372498308222325,0.022414959210860737,1,65,88.53369154322488,0,9.282888697700553,14.450445070612991,12.078050536122122,0.0,24.99333907371829,0.029556048058247818,0,0,OK
WC_SHEET,SHEET_FAB_02,23.231311172593305,42.83616682465838,Standard,PGL_AKASH_SAM,2,5.807827793148326,CC_IBP,Akash,Mech_Fab,Ibrahimpatnam,37,15,656,0.0015220700152207,2023-09,16.0,Double,7,22,0.8752283356276349,4,6.023667121321614,15,0,1.4744296919259066,0.010828372323758778,1,49,91.60160306616275,0,6.669300246364314,19.895810673907132,9.151983345106512,0.0,8.115356826630656,0.013111413500725233,0,0,OK
WC_PACK,PACK_LINE_01,38.24339941247138,41.64767569937637,Refurbishment,PGL_TORPEDO_LWT,13,3.8243399412471386,CC_VIZAG,LWT,QA_Inspect,Visakhapatnam,173,6,655,0.001524390243902439,2023-12,8.0,Single,3,21,0.7710193804537132,8,21.326539556120544,4,0,4.2245093708942365,0.035513070605794665,0,136,52.39906600439617,0,23.233117205395452,0.0,5.3144598673569075,0.0,6.354742910066737,0.015489537451698173,0,0,OK
WC_INTEGRATION,INTEG_LINE_2,866.3374056065841,111.49076101803463,Standard,PGL_NAG_ATGM,9,288.7791352021947,CC_HYD,Nag,Integration,Hyderabad,149,20,521,0.0019157088122605363,2023-08,8.0,Single,1,24,0.8072512778387114,18,18.31512294530773,3,0,5.567781229894405,0.017786083903901642,1,36,88.76693260871286,0,5.8607048141676445,18.672425208975678,8.020437961331204,0.0,375.86495052803366,1.121444580726884,1,0,Critical
WC_QA_INSP,QA_GATE_02,82.04148748271446,139.412358764044,Standard,PGL_AMOGHA_ATGM,12,19.143013745966705,CC_HYD,Amogha3,QA_Inspect,Hyderabad,88,14,571,0.0017482517482517483,2023-06,8.0,Single,2,20,0.8226385343221636,15,13.542339275622918,4,0,6.794987290378651,0.02984939146200661,1,292,83.24491565414617,0,8.582657424087856,16.53833949524605,12.050098202690906,0.0,29.732514575839367,0.027018789083761142,1,0,OK
WC_PROOF,HIL_SIM_01,382.02789028450496,88.40684281232718,FAI,PGL_KONKURS_ATGM,11,210.11533965647774,CC_BHANUR,Konkurs,Proof_Test,Bhanur,251,33,449,0.0022222222222222222,2023-04,8.0,Single,1,22,0.8429115449277671,11,16.555973609915934,1,1,1.8446517305678143,0.028148943567990567,0,296,55.96166154065965,0,38.266033889056075,0.0,20.294295390151284,33.77046098873102,320.15355041879764,0.749502985313286,0,0,OK
WC_LAUNCHER,LAUNCHER_ASSY_01,314.6163739679802,87.03184981195378,Standard,PGL_HELINA_ATGM,10,78.65409349199506,CC_HYD,HELINA,Integration,Hyderabad,93,15,43,0.022727272727272728,2024-06,8.0,Single,2,21,0.8086513314047081,21,26.595639411074917,3,0,3.5164098158671986,0.020454516940847198,1,167,86.61717133779601,0,11.052605597759644,12.823277888929612,10.84265060127693,0.0,96.9746787400249,0.08729047215327908,0,0,OK
WC_ELEC,ELEC_ASSY_01,76.5089746707598,176.71739338172475,Standard,PGL_MILAN_ATGM,4,11.47634620061397,CC_HYD,Milan2T,Electronics_Assy,Hyderabad,181,9,97,0.01020408163265306,2023-05,16.0,Double,1,24,0.7585643818061342,22,25.010814776868095,6,0,0.5138092805212644,0.010822521491500203,0,75,53.02590080816468,0,5.247403598221547,0.0,10.87902853310434,0.0,18.106455988709044,0.04053497858723378,0,0,OK
WC_INTEGRATION,INTEG_LINE_2,627.8756298598554,27.75417127400835,Standard,PGL_KONKURS_ATGM,9,669.7340051838457,CC_BHANUR,Konkurs,Integration,Bhanur,369,64,140,0.0070921985815602835,2023-01,16.0,Double,2,22,0.8856721793000308,5,29.23055113280074,6,0,7.028989413106265,0.02369565615528492,0,330,43.404637691387144,0,8.73569258112035,0.0,12.84959268430103,0.0,764.7660471639246,0.9192869523776003,1,0,Critical
WC_PROOF,HIL_SIM_01,344.8722489542022,155.5668523394641,Life_Extension,PGL_MILAN_ATGM,11,80.47019142264716,CC_HYD,Milan2T,Proof_Test,Hyderabad,369,14,704,0.0014184397163120568,2024-11,8.0,Single,1,22,0.7921020094708561,18,29.727246350762115,2,0,0.7086746220475538,0.018628186892656343,0,200,42.02708606371092,0,29.599270391273684,0.0,6.738017586387732,0.0,110.08213665902359,0.5945982482973312,0,0,OK
WC_QA_INSP,QA_GATE_02,95.17681835020714,147.16129918038047,Standard,PGL_ASTRA_AAM,12,20.621643975878214,CC_HYD,Astra,QA_Inspect,Hyderabad,68,13,397,0.002512562814070352,2023-07,24.0,Triple,2,22,0.752940467089809,26,29.53799620920739,8,0,3.3192420895101526,0.027724682107913283,1,45,85.00588649855473,0,10.642073904199624,21.477427424213126,10.965611161284775,0.0,35.42111964128188,0.026082564591586657,0,0,Warning
WC_ELEC,ELEC_ASSY_02,105.30330010869012,178.2280154534523,Standard,PGL_KONKURS_ATGM,4,19.305605019926524,CC_HYD,Konkurs,Electronics_Assy,Hyderabad,63,11,197,0.005050505050505051,2023-05,8.0,Single,1,23,0.8097273038146235,19,19.766780875229223,1,0,5.965016613219728,0.025551721799119825,0,93,45.62517935347649,0,13.368044917030428,0.0,9.794307599378621,0.0,28.254479547692487,0.04053497858723378,0,0,OK
WC_PROOF,PROOF_STAND_01,242.78515399441653,116.99227693516583,FAI,PGL_TORPEDO_LWT,11,101.1604808310069,CC_VIZAG,LWT,Proof_Test,Visakhapatnam,61,25,504,0.0019801980198019802,2023-05,8.0,Single,1,22,0.8370282133328549,9,22.994124502420245,3,1,6.7574517157093394,0.029951568685933745,0,74,65.71812005765857,0,38.06387644485678,0.0,23.48024709823815,27.05816363167405,174.51332368629335,0.6709989988366535,0,0,OK
WC_SEEKER,SEEKER_TEST_01,870.0,30.74397704573697,Standard,PGL_NAG_ATGM,5,290.0,CC_HYD,Nag,Seeker_Assy,Hyderabad,94,20,224,0.0044444444444444444,2023-08,8.0,Single,1,23,0.8016388046078143,20,24.902654048944083,3,0,1.158161545972589,0.019871902791132025,1,41,78.36497684146731,0,6.913989498437707,13.769642753045693,28.57992776891605,0.0,382.0150852503095,0.8274074694427046,0,0,Warning
WC_QA_INSP,QA_GATE_02,61.74569669925937,147.86306634667065,Refurbishment,PGL_MILAN_ATGM,12,14.407329229827186,CC_BHANUR,Milan2T,QA_Inspect,Bhanur,202,14,257,0.003875968992248062,2023-10,24.0,Triple,2,22,0.8336217776580209,8,7.602194091931198,8,0,5.697234571438079,0.022084617856208334,0,147,51.441654794797984,0,28.48945545337621,0.0,9.837045804043832,0.0,24.32104923678764,0.03345585522511428,0,0,OK
WC_SEEKER,SEEKER_TEST_02,870.0,41.70959165386843,Standard,PGL_AKASH_SAM,5,348.0,CC_HYD,Akash,Seeker_Assy,Hyderabad,112,24,241,0.004132231404958678,2024-05,8.0,Single,1,22,0.7089798455413607,29,21.402119160788903,3,0,0.5788882457953786,0.018833072185917007,1,176,92.81271203140413,0,13.621314758536352,26.477893417808165,27.68899787426382,0.0,526.0361368844361,0.7620584950883056,0,0,Critical
WC_SEEKER,SEEKER_TEST_02,374.6895797258059,59.185758296234575,FAI,PGL_AKASH_SAM,5,405.9137113696231,CC_IBP,Akash,Seeker_Assy,Ibrahimpatnam,404,65,447,0.002232142857142857,2024-06,16.0,Double,1,22,0.8629192443100969,3,12.243199593455365,3,1,2.2906382831451806,0.027624921598864892,1,53,79.16697199257453,0,41.65567576446692,56.14757648587219,34.90260137185476,21.06565878809054,684.9734798640196,1.4949035113185127,1,0,Critical
WC_WARHEAD,WARHEAD_FILL_01,115.8713528018353,73.97941205708455,Standard,PGL_MILAN_ATGM,7,21.243081347003137,CC_BHANUR,Milan2T,Warhead,Bhanur,218,11,421,0.002369668246445498,2023-01,16.0,Double,4,22,0.8504222977654017,10,8.36325218196333,9,0,5.899056921112552,0.016344651469876074,0,87,61.039365550378406,0,5.083463705916,0.0,13.591712380774178,0.0,27.344631763242845,0.04421557556040357,0,0,OK
WC_SHEET,SHEET_FAB_02,71.92250416943064,156.62958189473918,Standard,PGL_TORPEDO_HWT,2,16.781917639533816,CC_VIZAG,HWT,Mech_Fab,Visakhapatnam,217,14,341,0.0029239766081871343,2024-01,24.0,Triple,1,23,0.8787743203201118,6,19.305264840116866,3,0,4.817178129403983,0.014297372636934053,0,319,80.4991326999157,0,12.889715556101448,0.0,13.298031447295674,0.0,23.372507512801942,0.015270280434512468,0,0,OK
WC_PROP,PROP_ASSY_01,340.15016327310974,123.66745788906624,FAI,PGL_AKASH_SAM,6,45.3533551030813,CC_IBP,Akash,Propulsion,Ibrahimpatnam,89,8,667,0.0014970059880239522,2024-01,24.0,Triple,5,23,0.8704967432989851,5,24.719329142878728,16,1,5.410673146069793,0.025312092230286704,1,131,78.58763578850039,0,42.70186908541622,47.840850174389324,28.63486176529703,22.18827991412075,68.27692424972366,0.05118603912656058,0,0,Critical
WC_LAUNCHER,LAUNCHER_ASSY_01,344.24214775628195,173.58318604705173,FAI,PGL_AKASH_SAM,10,45.89895303417093,CC_IBP,Akash,Integration,Ibrahimpatnam,181,8,726,0.001375515818431912,2023-08,8.0,Single,4,24,0.8889947196700684,3,23.819911000948192,5,1,2.18607744406523,0.029648691555304547,1,143,76.13865803212855,0,32.68028735600049,58.52872216927713,20.3603193815062,15.700811564524454,69.71993744549312,0.07760140377505283,0,0,OK
WC_WARHEAD,WARHEAD_FILL_01,100.06179326086429,28.871723613615927,Standard,PGL_AKASH_SAM,7,13.341572434781906,CC_HYD,Akash,Warhead,Hyderabad,147,8,635,0.0015723270440251573,2023-07,8.0,Single,3,21,0.7747870026786152,22,20.297703772783674,3,0,2.342954897398588,0.012490726635531153,1,258,80.90299390486646,0,10.684530950057814,16.268589104768377,5.909790645689701,0.0,17.245715873924162,0.028671277198719987,0,0,OK
WC_QA_INSP,QA_GATE_02,53.00221190737315,21.145972724535227,Standard,PGL_NAG_ATGM,12,15.017293373755727,CC_HYD,Nag,QA_Inspect,Hyderabad,225,17,698,0.001430615164520744,2024-09,16.0,Double,4,21,0.7098635696800527,26,22.142356632773676,8,0,1.2037873636921834,0.014742270000529367,1,267,74.16098847216841,0,14.621240345938682,12.42415848683671,5.7951891279316285,0.0,23.16441035606588,0.033278101055986234,0,0,Warning
WC_WARHEAD,WARHEAD_FILL_01,67.72803782653857,169.34900094989294,Standard,PGL_ASTRA_AAM,7,12.416806934865404,CC_HYD,Astra,Warhead,Hyderabad,60,11,718,0.0013908205841446453,2023-09,8.0,Single,4,23,0.7626470398401937,26,8.79110861138106,6,0,2.75856641915533,0.029351050248667354,1,34,91.93647571707466,0,14.744525343187467,15.728666891808981,6.227009092310391,0.0,21.49027004160253,0.04051495697384742,0,0,OK
WC_PROOF,PROOF_STAND_01,281.0115287346049,146.07247216223396,Standard,PGL_KONKURS_ATGM,11,304.42915612915533,CC_BHANUR,Konkurs,Proof_Test,Bhanur,132,65,334,0.0029850746268656717,2024-08,16.0,Double,1,22,0.7934764171634586,17,15.201182365358862,4,0,3.25726419513955,0.014258200954061993,0,324,57.77544606061639,0,8.098361636941364,0.0,11.409967533667214,0.0,415.05758650564024,0.9808307936157117,1,0,Critical
WC_MACH,CNC_002,84.5658409714856,167.86836862280552,Standard,PGL_AKASH_SAM,1,15.503737511439027,CC_HYD,Akash,Mech_Fab,Hyderabad,313,11,180,0.0055248618784530384,2023-01,8.0,Single,3,23,0.7661676332412185,20,28.78040744965035,5,0,2.034679973684716,0.014072966164437175,1,47,90.2785808420082,0,6.032249194937328,17.90909901304697,33.54346850127411,0.0,25.264076649873527,0.01862496610194626,0,0,OK
WC_LAUNCHER,LAUNCHER_ASSY_01,394.8794863852877,27.34860204138377,Standard,PGL_AKASH_SAM,10,105.30119636941005,CC_IBP,Akash,Integration,Ibrahimpatnam,62,16,98,0.010101010101010102,2023-06,8.0,Single,7,22,0.8684960780546018,1,19.91073151518986,9,0,2.644148356993937,0.019029447096863612,1,143,70.60876317850617,0,11.129501476261119,13.922094447829698,13.476292334131896,0.0,129.41420960311945,0.12748374825941242,1,0,OK
WC_PROP,PROP_ASSY_01,260.5599102817199,40.645607874181565,Standard,PGL_AKASH_SAM,6,17.370660685447994,CC_IBP,Akash,Propulsion,Ibrahimpatnam,324,4,365,0.00273224043715847,2024-05,16.0,Double,8,22,0.8536103425486585,4,26.76625534814943,17,0,4.446532563829882,0.016322724362704703,1,66,80.45373318498622,0,9.218045008846445,27.55905944744358,18.192492870189604,0.0,21.902547831283748,0.050942298058547844,0,0,OK
WC_INTEGRATION,INTEG_LINE_1,202.51821016751808,132.42225222399105,Standard,PGL_MILAN_ATGM,9,199.1429066647261,CC_BHANUR,Milan2T,Integration,Bhanur,88,59,58,0.01694915254237288,2023-08,16.0,Double,2,20,0.7654506166812345,16,28.094437143009408,5,0,2.877472363476589,0.02393879339848678,0,46,68.77076857505511,0,10.046109393276673,0.0,6.7266394957827575,0.0,285.07259048010604,1.121444580726884,1,1,Critical
WC_WARHEAD,WARHEAD_FILL_01,300.0,119.95591867187174,Standard,PGL_KONKURS_ATGM,7,50.0,CC_BHANUR,Konkurs,Warhead,Bhanur,32,10,532,0.001876172607879925,2023-04,16.0,Double,4,24,0.7679339538468098,20,11.061999945749378,9,0,4.62133498733511,0.015346063526410412,0,94,42.2934713716226,0,9.714086313891954,0.0,6.261544410425605,0.0,69.56415563861586,0.04224196370890414,0,0,OK
WC_PROP,PROP_ASSY_01,175.20680917673755,38.98964150367135,Standard,PGL_NAG_ATGM,6,40.88158880790543,CC_HYD,Nag,Propulsion,Hyderabad,371,14,241,0.004132231404958678,2023-05,24.0,Triple,1,23,0.7860003714199414,22,15.275350260749441,5,0,4.857653158816313,0.02035309252137211,1,105,89.72356567690558,0,12.293691571931634,14.74533484033075,17.977403972852684,0.0,58.96751590590273,0.0650380191487231,0,0,OK
WC_PROOF,PROOF_STAND_01,238.3925804586594,165.9706340952869,Standard,PGL_KONKURS_ATGM,11,63.571354788975846,CC_BHANUR,Konkurs,Proof_Test,Bhanur,382,16,203,0.004901960784313725,2023-07,8.0,Single,1,21,0.8474917353045442,6,13.16513771420074,2,0,5.496532832830008,0.013695724628226498,0,289,64.25020761679082,0,14.025002573877591,0.0,13.308958678143673,0.0,75.40745019519944,0.6371725789037976,0,0,OK
WC_SHEET,SHEET_FAB_01,30.455251164629363,47.27279072598719,Rework,PGL_MILAN_ATGM,2,5.075875194104894,CC_BHANUR,Milan2T,Mech_Fab,Bhanur,128,10,186,0.0053475935828877,2023-12,24.0,Triple,1,22,0.7724956556897018,19,11.615631698820792,4,0,4.3363006425994834,0.032409809922480715,0,261,40.24415773497711,0,6.030084005684988,0.0,8.414062041972192,0.0,9.112220079122915,0.01535900891223768,0,0,Critical
WC_PROP,PROP_ASSY_01,100.4405691256062,65.39456351943033,FAI,PGL_CMDS,6,26.78415176682832,CC_BHANUR,CMDS,Propulsion,Bhanur,278,16,209,0.004761904761904762,2024-07,8.0,Single,2,23,0.7719013185658417,18,24.46812987081602,4,1,7.535185020171761,0.05014289195886004,0,212,81.03152813273392,0,41.26351128627992,0.0,45.725608115341075,18.28622234284557,54.761219423787885,0.05197945742105878,0,0,Warning
WC_INTEGRATION,INTEG_LINE_2,785.7066271833959,93.90175904169958,Standard,PGL_MILAN_ATGM,9,746.421295824226,CC_HYD,Milan2T,Integration,Hyderabad,163,57,136,0.0072992700729927005,2023-01,16.0,Double,1,21,0.7094726985047205,26,26.530793424384758,3,0,2.0124662627873473,0.021584006805812746,0,273,52.374956876230804,0,5.232177554114239,0.0,6.063746411375482,0.0,1091.007054940636,0.9192869523776003,1,0,Critical
WC_ELEC,ELEC_ASSY_01,237.7169092554295,157.0698840278237,Rework,PGL_AKASH_SAM,4,47.5433818510859,CC_IBP,Akash,Electronics_Assy,Ibrahimpatnam,208,12,634,0.0015748031496062992,2023-01,8.0,Single,4,22,0.8380823702099404,3,28.265664392363224,6,0,5.67046402685914,0.04827647983337846,1,237,87.07074144366071,0,3.595447590239705,22.930847814729887,8.465726995909058,0.0,68.2827906435884,0.05607904698479472,0,0,OK
WC_SEEKER,SEEKER_TEST_02,448.04670671590947,179.26311165360792,FAI,PGL_ASTRA_AAM,5,156.81634735056832,CC_HYD,Astra,Seeker_Assy,Hyderabad,176,21,137,0.007246376811594203,2024-10,8.0,Single,1,24,0.6735726388298763,28,26.88058662944981,2,1,5.907609658689352,0.02771564593254532,1,57,89.5951940305265,0,36.384377075234696,38.63442552167342,42.675390802038194,33.68868989243788,335.21355521240184,0.6590589026799868,0,1,OK
WC_PROP,PROP_ASSY_01,91.2039257166897,159.82670656853213,Standard,PGL_KONKURS_ATGM,6,10.640458000280464,CC_BHANUR,Konkurs,Propulsion,Bhanur,93,7,319,0.003125,2024-06,8.0,Single,2,21,0.853939448914621,8,12.2146031993281,4,0,7.860383675705331,0.015964353121676052,0,144,58.962004143185375,0,14.145012290591698,0.0,22.609288851669596,0.0,16.46445600855184,0.06587237020336666,0,0,OK
WC_PROP,PROP_ASSY_01,325.49481191947393,87.30874680896142,Standard,PGL_KONKURS_ATGM,6,81.37370297986848,CC_BHANUR,Konkurs,Propulsion,Bhanur,246,15,289,0.0034482758620689655,2024-05,16.0,Double,4,22,0.8654451420248627,5,7.353963530927053,8,0,6.0537134093772655,0.016336032863920037,0,250,54.43614125316701,0,6.0600830721666545,0.0,25.588707689676227,0.0,88.07054052854384,0.050942298058547844,1,0,Warning
WC_LAUNCHER,LAUNCHER_ASSY_01,180.0,113.21514338647019,Standard,PGL_AKASH_SAM,10,30.0,CC_IBP,Akash,Integration,Ibrahimpatnam,194,10,169,0.0058823529411764705,2024-06,16.0,Double,8,23,0.8534031138789585,3,29.9061684836465,18,0,4.609085930452317,0.01603839861677119,1,205,87.5089062344817,0,8.961040982918318,21.434592665539327,7.538121412226348,0.0,38.456448568739766,0.08729047215327908,0,0,OK
WC_ELEC,ELEC_ASSY_02,175.83856986303167,27.723959774321322,Standard,PGL_KONKURS_ATGM,4,41.02899963470739,CC_BHANUR,Konkurs,Electronics_Assy,Bhanur,407,14,92,0.010752688172043012,2024-03,24.0,Triple,1,23,0.7965674801118379,12,16.240706978448365,6,0,6.725069340676899,0.024699761088071624,0,266,63.4988529611869,0,6.145385920389361,0.0,12.765350460973615,0.0,55.68955477276684,0.04915553061422341,0,0,OK
WC_INTEGRATION,INTEG_LINE_2,1440.0,113.71440564968408,FAI,PGL_KONKURS_ATGM,9,816.0,CC_BHANUR,Konkurs,Integration,Bhanur,234,34,154,0.0064516129032258064,2023-05,8.0,Single,1,21,0.7791905965043371,19,16.298417467187562,2,1,5.509199115315434,0.023639007166882955,0,81,71.70824220704827,0,25.5489531135013,0.0,20.00314881676521,16.925848215196066,1332.4481995764545,1.3184815211744072,1,1,Critical
WC_PROP,PROP_ASSY_01,267.07282451456007,169.5257683490829,Standard,PGL_ASTRA_AAM,6,26.707282451456006,CC_HYD,Astra,Propulsion,Hyderabad,40,6,341,0.0029239766081871343,2023-07,8.0,Single,3,23,0.8416625257149615,13,12.62829565894274,4,0,4.4702192118692965,0.01599608908767196,1,104,88.31756702117225,0,5.908447167164837,29.142976169176276,30.039636642818643,0.0,35.31737582787953,0.07138573425511814,0,0,OK
WC_INTEGRATION,INTEG_LINE_2,312.21311236449736,24.004487830904573,Life_Extension,PGL_MILAN_ATGM,9,338.2308717282055,CC_HYD,Milan2T,Integration,Hyderabad,269,65,615,0.0016233766233766235,2023-06,16.0,Double,2,21,0.7343391882269282,27,28.281359486391285,4,0,1.9803059254144562,0.015080348913319674,0,305,67.15175141289014,0,18.479581023963767,0.0,13.506015077958219,0.0,450.6897510583847,0.9567103872020691,1,0,Critical
WC_MACH,CNC_003,52.995906347208546,150.9627480517311,FAI,PGL_KONKURS_ATGM,1,8.832651057868093,CC_HYD,Konkurs,Mech_Fab,Hyderabad,80,10,259,0.0038461538461538464,2024-10,8.0,Single,3,23,0.7415919020598946,17,11.7328625935919,5,1,1.4999914769784395,0.031989309932158067,0,191,52.07160462636442,0,39.22180493733647,0.0,45.74445376510946,25.025466059212697,21.641094610810853,0.014872561352267808,0,0,OK
WC_PROOF,HIL_SIM_01,422.41564027961016,117.741807275901,FAI,PGL_TORPEDO_HWT,11,176.0065167831709,CC_VIZAG,HWT,Proof_Test,Visakhapatnam,169,25,662,0.0015082956259426848,2023-06,8.0,Single,1,21,0.8356819076550346,14,15.395041924934581,3,1,3.5339180633204528,0.0361903045255106,0,72,74.56984665366163,0,23.79669166983072,0.0,31.37999231814789,16.726842834981998,301.53484019669224,0.5993195091046243,0,0,OK
WC_PROOF,PROOF_STAND_01,513.6634824440845,94.44686186818443,Rework,PGL_MILAN_ATGM,11,291.0759733849812,CC_BHANUR,Milan2T,Proof_Test,Bhanur,140,34,670,0.0014903129657228018,2024-09,8.0,Single,1,21,0.8865308482171184,6,27.420749981328527,1,0,5.155597904540117,0.019271838849653986,0,364,55.98975995946277,0,3.0898596998527603,0.0,11.337309591420983,0.0,345.27364066450184,0.7703401836095098,0,0,Warning
WC_SEEKER,SEEKER_TEST_02,590.638847377328,115.30711647026884,Standard,PGL_ASTRA_AAM,5,275.6314621094198,CC_HYD,Astra,Seeker_Assy,Hyderabad,277,28,446,0.0022371364653243847,2024-03,8.0,Single,1,22,0.6410019617922516,30,22.83106724805149,4,0,5.204843856712294,0.02073397780196337,1,262,74.79403305976626,0,8.13127380150328,28.596041366549095,31.426920908317136,0.0,402.2321112719939,1.7671459600976895,1,0,Critical
WC_INTEGRATION,INTEG_LINE_1,1044.0,56.97938104726317,FAI,PGL_AKASH_SAM,9,261.0,CC_HYD,Akash,Integration,Hyderabad,213,15,538,0.0018552875695732839,2023-07,8.0,Single,1,20,0.785303864882231,25,17.48164186621876,1,1,5.560106311838895,0.023363968133649878,1,186,83.92371046570658,0,29.5422076437249,39.57299889710567,25.729296134597476,18.604920746222863,476.8751036455359,0.791815406845879,0,0,Warning
WC_SMT,SMT_LINE_2,45.0,123.53638372924863,Standard,PGL_AKASH_SAM,3,9.0,CC_IBP,Akash,Electronics_Assy,Ibrahimpatnam,338,12,617,0.0016181229773462784,2024-08,24.0,Triple,8,20,0.8661929963303825,4,16.737555806858353,25,0,4.730425050078411,0.019371108074513158,1,340,72.47960367185458,0,7.4660676368023555,24.788257787959232,29.525767608347973,0.0,13.688238749767525,0.020512409886718028,0,0,OK
WC_SHEET,SHEET_FAB_01,56.71340464343392,51.721805371263244,Standard,PGL_KONKURS_ATGM,2,9.452234107238986,CC_HYD,Konkurs,Mech_Fab,Hyderabad,341,10,488,0.002044989775051125,2023-09,8.0,Single,4,22,0.7958277372344583,16,11.94388145483735,8,0,6.371836515685039,0.023693033825179774,0,104,40.36289366914352,0,9.495878711157403,0.0,14.055985124923659,0.0,14.56863481544001,0.013111413500725233,1,0,OK
WC_SMT,SMT_LINE_2,141.38624140044482,102.44764901509241,Standard,PGL_AMOGHA_ATGM,3,37.70299770678528,CC_HYD,Amogha3,Electronics_Assy,Hyderabad,396,16,150,0.006622516556291391,2024-10,16.0,Double,1,21,0.6417283028810762,29,11.202777908003071,4,0,1.624834454480146,0.017446663011611907,1,344,82.90651533044363,0,7.0836514606623755,19.697864253552257,25.1802111453752,0.0,62.5183500545982,0.04543922799731349,1,0,Critical
WC_SHEET,SHEET_FAB_01,72.19785420034354,123.26144051681435,Standard,PGL_AKASH_SAM,2,14.439570840068708,CC_IBP,Akash,Mech_Fab,Ibrahimpatnam,31,12,105,0.009433962264150943,2023-09,16.0,Double,7,20,0.800706066312415,5,16.648352331540945,15,0,1.3806506637823739,0.021892071099561376,1,293,84.87280894480695,0,9.02369054718439,22.968512055464988,11.02448738912221,0.0,24.43841684027159,0.013111413500725233,0,0,OK
WC_PROOF,PROOF_STAND_01,960.0,153.9168770317918,Standard,PGL_MILAN_ATGM,11,448.0,CC_BHANUR,Milan2T,Proof_Test,Bhanur,235,28,381,0.002617801047120419,2024-03,8.0,Single,1,23,0.8164637225011124,13,5.707873097924816,1,0,7.860152533513392,0.014820306031477382,0,77,60.72127435264987,0,10.60638912856472,0.0,13.028478061245295,0.0,607.0023436065107,1.0604940538747045,0,0,Critical
WC_PROOF,HIL_SIM_01,696.0,172.66510917598455,Life_Extension,PGL_AKASH_SAM,11,174.0,CC_IBP,Akash,Proof_Test,Ibrahimpatnam,314,15,162,0.006134969325153374,2024-01,8.0,Single,1,22,0.8477429374888634,0,25.63413723402415,2,0,3.8676591079422096,0.016240293495201993,1,357,93.56734666218526,0,28.21623193455606,22.03504625504963,7.383550026119719,0.0,206.07390127921497,1.09970371624574,1,0,Critical
WC_LAUNCHER,LAUNCHER_ASSY_01,242.74334740914946,123.41328477837487,Standard,PGL_MILAN_ATGM,10,48.54866948182989,CC_BHANUR,Milan2T,Integration,Bhanur,139,12,570,0.0017513134851138354,2024-06,24.0,Triple,1,22,0.8298434948974764,14,11.0158141891877,5,0,1.552537264911414,0.0230087138098003,0,269,72.85086978109172,0,14.74591047723319,0.0,11.773595699342673,0.0,60.76802733766295,0.08729047215327908,0,0,OK
WC_INTEGRATION,INTEG_LINE_2,720.0,91.22652808910377,Standard,PGL_AKASH_SAM,9,192.0,CC_IBP,Akash,Integration,Ibrahimpatnam,340,16,536,0.00186219739292365,2024-05,8.0,Single,8,21,0.856270847075232,0,29.482991693369705,8,0,4.694143989547747,0.017565773666068523,1,266,83.36850022413672,0,8.087880165448436,29.59714900318694,7.488292450503043,0.0,263.25224692046584,1.1440893727502779,1,0,Critical
WC_PROOF,PROOF_STAND_01,532.3235002135214,175.06475623745044,Standard,PGL_KONKURS_ATGM,11,221.80145842230056,CC_BHANUR,Konkurs,Proof_Test,Bhanur,120,25,654,0.0015267175572519084,2023-11,8.0,Single,1,22,0.8756227795864492,5,17.501781266845,1,0,6.621895336478116,0.02113885184062162,0,327,48.12381370079216,0,5.447742992967591,0.0,13.590506020335374,0.0,261.97615735425853,0.7576226283206242,0,0,Warning
WC_PROOF,PROOF_STAND_01,241.8294090284463,150.92764542841377,Rework,PGL_MILAN_ATGM,11,40.304901504741046,CC_HYD,Milan2T,Proof_Test,Hyderabad,158,10,346,0.002881844380403458,2024-04,8.0,Single,2,21,0.7812872716786973,20,21.60269418838343,3,0,6.632497485631583,0.02571521287208628,0,271,44.09070484052614,0,4.851441352896352,0.0,8.408801406299105,0.0,57.0800055939038,0.8526435950339203,1,0,Warning
WC_INTEGRATION,INTEG_LINE_1,574.4166323219142,128.1771620890906,Rework,PGL_MILAN_ATGM,9,258.4874845448614,CC_BHANUR,Milan2T,Integration,Bhanur,23,27,43,0.022727272727272728,2023-05,8.0,Single,1,22,0.7446194407414632,18,21.73582321138636,1,0,2.4189310831961115,0.02133547107337558,0,287,54.89030111176616,0,3.8777421550250173,0.0,12.663057512176144,0.0,391.7805814155124,1.3184815211744072,1,1,Critical
WC_INTEGRATION,INTEG_LINE_1,129.16743822290078,88.11582587027861,Standard,PGL_MILAN_ATGM,9,32.291859555725196,CC_BHANUR,Milan2T,Integration,Bhanur,241,15,238,0.0041841004184100415,2023-11,16.0,Double,2,22,0.7787397276311047,19,10.339107220646033,6,0,2.4059169543330743,0.014901167463164267,0,145,74.90087824419481,0,14.46371811455286,0.0,14.189592888316433,0.0,44.5366915082443,0.8314142502340606,0,0,Warning
WC_SEEKER,SEEKER_TEST_01,633.7186792482162,33.049499316984324,Standard,PGL_HELINA_ATGM,5,306.29736163663785,CC_HYD,HELINA,Seeker_Assy,Hyderabad,337,29,712,0.001402524544179523,2023-01,8.0,Single,1,23,0.7218978178779712,28,29.567700536254907,2,0,6.578514332743305,0.015103477899579009,1,120,86.2240574168437,0,6.297509482285694,14.165052573646884,12.844800463672156,0.0,435.64739306293416,0.6771397654254075,0,0,OK
WC_PACK,PACK_LINE_01,30.732161298956683,102.78437444994555,Standard,PGL_ASTRA_AAM,13,4.609824194843502,CC_HYD,Astra,QA_Inspect,Hyderabad,79,9,422,0.002364066193853428,2024-08,16.0,Double,1,22,0.8428871153147229,11,22.777662771931336,3,0,1.7135808894059248,0.012123706768334668,1,118,90.97085467076988,0,10.563424109795635,21.944141006107564,9.123010538959978,0.0,7.444938329211534,0.01547168271669616,0,0,OK
WC_LAUNCHER,LAUNCHER_ASSY_01,241.36607848189942,114.7890976586995,Standard,PGL_NAG_ATGM,10,68.3870555698715,CC_HYD,Nag,Integration,Hyderabad,302,17,455,0.0021929824561403508,2023-08,24.0,Triple,4,22,0.8422705782593739,10,19.7457898843984,13,0,0.9325215836535343,0.020899625361219545,1,150,90.90480945094848,0,12.854029046019079,10.36189724371188,7.032258047565,0.0,85.28957481265664,0.07760140377505283,0,0,OK
WC_SHEET,SHEET_FAB_01,28.792236319566555,107.00616366737081,FAI,PGL_MILAN_ATGM,2,6.23831786923942,CC_BHANUR,Milan2T,Mech_Fab,Bhanur,161,13,712,0.001402524544179523,2023-10,8.0,Single,2,21,0.8201600123269749,5,27.085888967068033,5,1,0.9479749126445101,0.040195666926227946,0,315,67.29552208067291,0,37.245211221467365,0.0,25.671325932763118,24.938967132718982,13.462840346506988,0.0122468836321137,0,0,OK
WC_PROOF,PROOF_STAND_01,960.0,100.968518879928,Rework,PGL_MILAN_ATGM,11,448.0,CC_BHANUR,Milan2T,Proof_Test,Bhanur,234,28,682,0.0014641288433382138,2023-05,8.0,Single,1,24,0.8497886790975464,8,11.843442805850552,1,0,7.334775322499792,0.018271585425695694,0,77,66.97290149562312,0,7.66910978563954,0.0,5.472003642821096,0.0,546.1680407592186,0.6709989988366535,0,0,OK
WC_PROOF,PROOF_STAND_01,540.8806264125913,28.732140503524292,Rework,PGL_AKASH_SAM,11,270.4403132062956,CC_IBP,Akash,Proof_Test,Ibrahimpatnam,225,30,464,0.002150537634408602,2023-01,8.0,Single,1,22,0.8052829216055835,3,7.80210552065723,3,0,7.663899571558435,0.033994006944515764,1,258,81.89737834879139,0,4.855085985300837,12.227430741337319,13.578022204349102,0.0,365.90781201058377,0.8088645622140243,0,0,Warning
WC_INTEGRATION,INTEG_LINE_2,606.8103655269979,58.28077663638056,Standard,PGL_MILAN_ATGM,9,212.38362793444927,CC_BHANUR,Milan2T,Integration,Bhanur,53,21,122,0.008130081300813009,2023-01,8.0,Single,1,20,0.7766413841488693,16,27.69118194232193,1,0,6.0224048986784195,0.014459728791623702,0,147,72.26673080238294,0,10.393369946902418,0.0,13.466155976462629,0.0,304.38451547520674,0.9192869523776003,0,0,Critical
WC_QA_INSP,QA_GATE_01,51.30884043240682,39.76891998047006,Life_Extension,PGL_MILAN_ATGM,12,11.116915427021477,CC_BHANUR,Milan2T,QA_Inspect,Bhanur,61,13,420,0.0023752969121140144,2023-05,16.0,Double,1,20,0.7889442654141827,14,28.16459653746199,2,0,4.937090273773875,0.01592972943878872,0,64,60.68102457342998,0,22.759918046483065,0.0,11.36005656661854,0.0,17.654235037978793,0.029556048058247818,0,0,OK
WC_SEEKER,SEEKER_TEST_02,307.5611185385156,140.68530217477894,Standard,PGL_ASTRA_AAM,5,107.64639148848046,CC_HYD,Astra,Seeker_Assy,Hyderabad,223,21,223,0.004464285714285714,2023-12,8.0,Single,1,20,0.7771222110294362,21,9.662758703514218,2,0,1.7409170532294702,0.020486807203468987,1,230,91.01617804355939,0,5.365628707383273,17.994089418327494,33.854685535688695,0.0,162.617989711285,1.4307545294254218,1,0,Critical
WC_ELEC,ELEC_ASSY_01,151.00368642418874,105.46129273732267,FAI,PGL_MILAN_ATGM,4,25.167281070698127,CC_BHANUR,Milan2T,Electronics_Assy,Bhanur,125,10,147,0.006756756756756757,2024-10,8.0,Single,2,21,0.8115578477997232,10,20.257536225021056,3,1,4.523814958781495,0.02256069352680136,0,342,62.61334375745048,0,33.190812420121404,0.0,21.964375507613266,25.425019959852264,48.749761961095196,0.055258190232044084,0,0,OK
WC_PROOF,HIL_SIM_01,586.4010506462663,119.01943967874863,Standard,PGL_ASTRA_AAM,11,224.78706941440208,CC_HYD,Astra,Proof_Test,Hyderabad,192,23,294,0.003389830508474576,2024-09,8.0,Single,1,21,0.7487729764873837,25,16.02774034417597,2,0,3.408499526766123,0.013002448961557521,1,148,85.29876973168845,0,8.17308728763216,29.810142696770605,12.938064851998794,0.0,312.31054018465943,0.7703401836095098,0,0,Warning
WC_INTEGRATION,INTEG_LINE_2,630.5440076260763,58.20767044786217,Standard,PGL_CMDS,9,641.0530744198443,CC_BHANUR,CMDS,Integration,Bhanur,155,61,127,0.0078125,2024-03,16.0,Double,2,23,0.7546690549487295,10,26.283980852878532,4,0,7.504995425702274,0.02460019822063229,0,201,88.67826016338994,0,8.902351686669387,0.0,9.062475666735624,0.0,883.1497376522285,1.0559603242380382,1,0,Critical
WC_INTEGRATION,INTEG_LINE_2,605.1138338126606,112.25443302417152,Standard,PGL_KONKURS_ATGM,9,221.87507239797554,CC_BHANUR,Konkurs,Integration,Bhanur,113,22,110,0.009009009009009009,2024-10,8.0,Single,1,23,0.8153800392478191,11,20.6679980737378,1,0,7.497726157002289,0.01835832940471088,0,232,69.1896684019305,0,14.46015605268362,0.0,10.637744228668131,0.0,288.9736029090256,0.8224947985509012,0,0,Warning
WC_PROOF,PROOF_STAND_01,414.06086455287027,44.90345591733393,Standard,PGL_AKASH_SAM,11,144.9213025935046,CC_HYD,Akash,Proof_Test,Hyderabad,25,21,119,0.008333333333333333,2024-06,8.0,Single,1,20,0.7980941506217617,23,22.114288696995832,1,0,1.1590108343199261,0.02017110738081182,1,98,72.6674812528359,0,13.306194077877292,29.300538213330253,6.242972234855447,0.0,188.7712503604339,0.8927150974596284,1,0,Critical
WC_PROOF,PROOF_STAND_01,204.8150521242365,17.678075035920344,Standard,PGL_TORPEDO_HWT,11,78.512436647624,CC_VIZAG,HWT,Proof_Test,Visakhapatnam,223,23,699,0.0014285714285714286,2024-08,8.0,Single,1,23,0.7890166977081896,14,15.972639272032259,2,0,3.2843514895992003,0.0390569857843872,0,347,70.82437596269246,0,11.84391287784771,0.0,12.152871609084492,0.0,104.368660165136,0.9808307936157117,1,0,Critical
WC_WARHEAD,WARHEAD_FILL_01,169.48868632720178,42.81762031844475,Standard,PGL_AKASH_SAM,7,42.372171581800444,CC_IBP,Akash,Warhead,Ibrahimpatnam,178,15,611,0.0016339869281045752,2024-03,16.0,Double,5,20,0.8862976847873827,2,26.69201702747206,11,0,5.242833377230257,0.020155171190938126,1,364,70.12447406211565,0,5.461621810792376,22.294991277131118,7.9038400728265765,0.0,47.176116239736885,0.03951918740394282,0,0,OK
WC_SHEET,SHEET_FAB_01,17.05168465896967,69.20218066957405,Standard,PGL_MILAN_ATGM,2,3.126142187477773,CC_BHANUR,Milan2T,Mech_Fab,Bhanur,167,11,701,0.0014245014245014246,2024-07,16.0,Double,3,22,0.845500948054194,6,26.981516255580235,6,0,2.250845209369505,0.016518161467999302,0,46,59.80994774807182,0,7.063583509614327,0.0,6.753560634072669,0.0,5.92724459234837,0.012217142604690628,0,0,OK
WC_PROOF,HIL_SIM_01,326.64091599243096,170.15262648675818,Standard,PGL_MILAN_ATGM,11,136.1003816635129,CC_HYD,Milan2T,Proof_Test,Hyderabad,247,25,490,0.002036659877800407,2023-12,8.0,Single,1,21,0.8397807079084064,10,9.976296840573808,1,0,3.3756879847173487,0.024745423140888054,0,286,62.51011272223157,0,11.56270647701926,0.0,7.957148973956384,0.0,166.41960470724604,0.5805149550962428,0,0,OK
WC_PROOF,PROOF_STAND_01,331.05534995743784,87.3910079258357,Rework,PGL_MILAN_ATGM,11,165.52767497871892,CC_BHANUR,Milan2T,Proof_Test,Bhanur,345,30,363,0.0027472527472527475,2023-01,8.0,Single,1,24,0.7545881883503629,16,26.563962364141158,1,0,5.759061778426716,0.03803234485788827,0,160,59.34846920786365,0,4.933878591053369,0.0,9.152998446386235,0.0,234.84144272981052,0.8088645622140243,0,0,Warning
WC_SEEKER,SEEKER_TEST_01,548.6719581455865,135.9609891704735,Standard,PGL_AKASH_SAM,5,210.3242506224748,CC_HYD,Akash,Seeker_Assy,Hyderabad,133,23,36,0.02702702702702703,2023-05,8.0,Single,1,20,0.7891497165520589,23,21.01797969566787,2,0,1.5271238600451187,0.0193163967651379,1,202,71.7258043998782,0,13.98588506354757,20.160981119213005,25.037090425711582,0.0,281.3638281359848,0.6977759038085192,0,1,OK
WC_SHEET,SHEET_FAB_01,34.168807270080265,80.35592638698445,Standard,PGL_AKASH_SAM,2,6.264281332848048,CC_HYD,Akash,Mech_Fab,Hyderabad,52,11,256,0.0038910505836575876,2024-01,16.0,Double,4,21,0.7615999364602479,19,29.496807809705984,10,0,2.956953464652508,0.02810366349095772,1,32,85.96723887985763,0,7.73889765968362,14.520009415750062,11.165543272727895,0.0,11.2244422939566,0.015270280434512468,0,0,OK
WC_SEEKER,SEEKER_TEST_02,477.7003518483223,134.7260225352029,FAI,PGL_NAG_ATGM,5,254.7735209857719,CC_HYD,Nag,Seeker_Assy,Hyderabad,73,32,97,0.01020408163265306,2023-11,8.0,Single,1,22,0.7586496536778969,27,25.575615958687422,3,1,1.5852315299962605,0.01799037484254563,1,321,70.51922260465095,0,39.85055924692351,37.15702785686231,29.193937256787606,19.50582089818684,463.5090831753619,0.8134594318312576,0,1,Warning
WC_PROOF,PROOF_STAND_01,348.6581068810601,107.86194001905608,Standard,PGL_AMOGHA_ATGM,11,81.35355827224735,CC_HYD,Amogha3,Proof_Test,Hyderabad,59,14,181,0.005494505494505495,2023-11,8.0,Single,1,22,0.7583396889925251,24,28.575512122988915,1,0,3.3311954895942253,0.027220800834244177,1,154,88.31157387971912,0,5.10945523466333,19.958349595819307,13.131446471722004,0.0,100.60912769284218,0.7576226283206242,0,0,Warning
WC_WARHEAD,WARHEAD_FILL_01,61.07315622728131,69.87621016967658,Standard,PGL_AMOGHA_ATGM,7,12.214631245456262,CC_HYD,Amogha3,Warhead,Hyderabad,184,12,494,0.00202020202020202,2024-02,16.0,Double,2,22,0.7192961250892417,30,27.81670616031988,6,0,2.768051439088204,0.019511803855078114,1,116,75.86693308688572,0,9.818143524031726,15.042338790651566,8.655816984832894,0.0,19.495643412536634,0.04272521279387728,0,0,OK
WC_PACK,PACK_LINE_01,45.297354704530164,177.0766564336826,Standard,PGL_AKASH_SAM,13,7.549559117421694,CC_IBP,Akash,QA_Inspect,Ibrahimpatnam,236,10,518,0.0019267822736030828,2023-11,16.0,Double,7,23,0.8500604950857623,5,16.77691788840874,15,0,0.9633705770477361,0.021620183399253326,1,260,78.93549983476217,0,14.13504614371148,29.154983267293485,7.341035940531686,0.0,12.036488208430445,0.016224547121632592,0,0,OK
WC_SHEET,SHEET_FAB_02,15.0,153.36032712747138,Standard,PGL_MILAN_ATGM,2,3.5,CC_HYD,Milan2T,Mech_Fab,Hyderabad,26,14,599,0.0016666666666666668,2024-06,16.0,Double,4,24,0.8566318456428038,10,26.781668404828107,11,0,6.432156720497016,0.014850277129968559,0,248,55.68126035195243,0,5.283623460692963,0.0,13.281022470885018,0.0,10.267785758242141,0.009389584807591235,0,0,OK
WC_INTEGRATION,INTEG_LINE_1,437.5910566194454,36.239980019485664,Standard,PGL_MILAN_ATGM,9,160.45005409379664,CC_HYD,Milan2T,Integration,Hyderabad,362,22,703,0.0014204545454545455,2024-08,8.0,Single,1,20,0.7958137010001153,21,12.772670209810208,1,0,4.376959843056369,0.03205408207664801,0,260,52.523434822881626,0,13.358416644219925,0.0,7.536177871094754,0.0,226.8930559882282,1.1242921860415351,1,0,Critical
WC_LAUNCHER,LAUNCHER_ASSY_01,482.22165112788787,37.53706383359641,Life_Extension,PGL_MILAN_ATGM,10,112.51838526317383,CC_HYD,Milan2T,Integration,Hyderabad,212,14,513,0.0019455252918287938,2023-03,24.0,Triple,2,23,0.7500891291573202,30,12.24476097341871,7,0,6.158358605597205,0.013617547034473796,0,137,63.64315226272748,0,24.310491630034235,0.0,10.527569344966867,0.0,155.37727166351667,0.12306004770994121,0,0,OK
WC_INTEGRATION,INTEG_LINE_2,182.2051548750864,27.58438200302455,Rework,PGL_KONKURS_ATGM,9,30.367525812514405,CC_BHANUR,Konkurs,Integration,Bhanur,168,10,530,0.0018832391713747645,2024-02,16.0,Double,2,20,0.8611222730622934,6,10.016998252627051,4,0,2.4935525518121153,0.04139704187635382,0,87,46.174452570747576,0,4.373332088684975,0.0,14.201943551338168,0.0,37.696879080616476,1.5653278295965334,1,0,Critical
WC_INTEGRATION,INTEG_LINE_1,1440.0,110.09379677678821,FAI,PGL_AKASH_SAM,9,768.0,CC_IBP,Akash,Integration,Ibrahimpatnam,36,32,464,0.002150537634408602,2024-06,8.0,Single,1,24,0.8760950400351446,5,9.932446029843607,2,1,1.067638988261465,0.019534019027830224,1,251,73.88451996715382,0,29.156741228294077,47.43922646015639,26.464245364068454,32.81093647029304,1181.7240481089837,1.3173849534928759,1,0,Warning
WC_QA_INSP,QA_GATE_02,109.75051141991662,149.10844877262392,Standard,PGL_MILAN_ATGM,12,20.12092709365138,CC_BHANUR,Milan2T,QA_Inspect,Bhanur,374,11,349,0.002857142857142857,2023-05,24.0,Triple,2,22,0.834483448606389,8,10.156114470635456,7,0,0.9597937058365851,0.016198860806951997,0,261,51.81853664338811,0,10.846889517098177,0.0,9.27464593882575,0.0,26.651097774283944,0.029556048058247818,0,0,OK
WC_WARHEAD,WARHEAD_FILL_01,60.0,58.23280912498192,Standard,PGL_MILAN_ATGM,7,15.0,CC_HYD,Milan2T,Warhead,Hyderabad,388,15,164,0.006060606060606061,2023-01,16.0,Double,1,21,0.7871447963268066,20,25.953390443286736,2,0,4.564241644898876,0.017471589015721926,0,204,61.21075150417283,0,11.271758705139531,0.0,13.675541933148395,0.0,22.22307942730547,0.04421557556040357,0,0,OK
WC_PACK,PACK_LINE_01,25.408726885181352,179.25062132281641,Standard,PGL_MILAN_ATGM,13,3.3878302513575136,CC_BHANUR,Milan2T,QA_Inspect,Bhanur,228,8,576,0.0017331022530329288,2023-07,16.0,Double,2,21,0.8284393982138292,14,21.486129051743127,6,0,1.4835311141653225,0.01613275903883158,0,228,51.186408923020835,0,7.4311747032549755,0.0,14.374718322624094,0.0,7.403146832558383,0.015949907153425473,0,0,OK
WC_PACK,PACK_LINE_01,20.788387008455164,141.83566349096714,FAI,PGL_NAG_ATGM,13,3.8112042848834466,CC_HYD,Nag,QA_Inspect,Hyderabad,214,11,137,0.007246376811594203,2024-11,24.0,Triple,2,21,0.7676723114260461,22,16.55421231248984,7,1,2.340090298861469,0.026644932222503477,1,202,76.70506529180906,0,40.31671037428664,46.364463326744655,22.560755609526247,23.05825795680118,11.742270431201728,0.020517979252121836,0,0,Critical
WC_PROOF,PROOF_STAND_01,1056.0,36.925879232363584,FAI,PGL_TORPEDO_LWT,11,1161.6,CC_VIZAG,LWT,Proof_Test,Visakhapatnam,251,66,247,0.004032258064516129,2024-02,16.0,Double,2,22,0.8661199185153718,10,6.062036241468931,4,1,5.578320591516647,0.04458790515994828,0,186,82.19291077719646,1,42.44348926825449,0.0,25.281885811360567,34.34124074625168,1919.6986608530744,0.6742278229181634,0,0,OK
WC_PACK,PACK_LINE_01,47.93053409484256,124.42490287864666,FAI,PGL_ASTRA_AAM,13,14.379160228452767,CC_HYD,Astra,QA_Inspect,Hyderabad,322,18,35,0.027777777777777776,2023-05,16.0,Double,1,22,0.699514887249318,25,6.670005803989058,3,1,7.540911034422345,0.01652770983962033,1,315,77.79750957559577,0,25.276404797812347,34.50778022385308,27.887006648269836,20.129745977916315,38.76996034660903,0.01490246969920441,0,1,OK
WC_PROOF,PROOF_STAND_01,602.1256703317351,50.43330828182344,Standard,PGL_MILAN_ATGM,11,230.8148402938318,CC_HYD,Milan2T,Proof_Test,Hyderabad,89,23,328,0.00303951367781155,2024-01,8.0,Single,1,22,0.7406889308466792,17,14.319827838839942,1,0,5.007003491677319,0.021368607745723647,0,330,74.92916412165113,0,9.751988014431685,0.0,5.235021924188464,0.0,330.08784616400726,1.09970371624574,1,0,Critical
WC_SHEET,SHEET_FAB_02,49.313130766911016,55.86177780857973,Standard,PGL_MILAN_ATGM,2,11.506397178945905,CC_BHANUR,Milan2T,Mech_Fab,Bhanur,193,14,561,0.0017793594306049821,2023-07,8.0,Single,4,22,0.7880017123471611,20,19.68202961987612,6,0,3.9478078238298817,0.0289967154790347,0,152,70.93805485970259,0,13.284922720328915,0.0,11.02935864340615,0.0,18.834761511308937,0.013759511447244443,0,0,OK
WC_PROOF,PROOF_STAND_01,960.0,163.4339910981245,FAI,PGL_KONKURS_ATGM,11,480.0,CC_HYD,Konkurs,Proof_Test,Hyderabad,298,30,500,0.001996007984031936,2023-04,8.0,Single,1,23,0.8280052725738789,13,29.341363450737404,3,1,3.5438615636687945,0.025220706889502516,0,110,58.03491513989188,0,42.05898407850832,0.0,17.207930880971823,16.796009469360104,736.9242799728338,0.749502985313286,0,0,OK
WC_WARHEAD,WARHEAD_FILL_01,132.1112728704178,60.12158835122358,Rework,PGL_MILAN_ATGM,7,19.81669093056267,CC_BHANUR,Milan2T,Warhead,Bhanur,205,9,587,0.0017006802721088435,2024-02,16.0,Double,2,23,0.7501027146763034,20,15.397910098432966,6,0,4.922553467088887,0.030680245485134275,0,222,61.13635586315041,0,3.8032601032383275,0.0,11.60643391788498,0.0,31.25461856307549,0.04272521279387728,0,0,OK
WC_SHEET,SHEET_FAB_02,17.47117895844897,19.793186970561056,Standard,PGL_KONKURS_ATGM,2,2.6206768437673458,CC_BHANUR,Konkurs,Mech_Fab,Bhanur,201,9,345,0.002890173410404624,2024-08,8.0,Single,2,24,0.8221478443637273,14,10.11257436077204,3,0,7.930656479236051,0.017526178949628272,0,76,43.01225867457517,0,11.41046093142564,0.0,9.981655612448517,0.0,5.288810994608788,0.010844149768353106,0,0,OK
WC_PROOF,HIL_SIM_01,129.88118345576612,163.3267813549955,Standard,PGL_NAG_ATGM,11,23.81155030022379,CC_HYD,Nag,Proof_Test,Hyderabad,282,11,179,0.005555555555555556,2023-07,16.0,Double,3,24,0.7792310262757502,25,28.99122298872164,7,0,4.164799674825574,0.010867407044137445,1,360,72.3521834535299,0,12.43422915760259,17.87833039547183,6.8914415674235405,0.0,36.99051069925313,0.6371725789037976,0,0,OK
WC_PACK,PACK_LINE_01,35.53744811985702,60.96663773743317,Standard,PGL_AMOGHA_ATGM,13,10.068943633959488,CC_HYD,Amogha3,QA_Inspect,Hyderabad,62,17,580,0.0017211703958691911,2023-01,24.0,Triple,4,22,0.7955691951858064,13,25.319773611867404,12,0,7.0762734924599116,0.019428067032199455,1,228,91.26030820065387,0,12.063621327363254,21.10203641109779,8.490864045670225,0.0,16.219488841998484,0.015406071930801828,0,0,OK
WC_LAUNCHER,LAUNCHER_ASSY_01,547.6448993222268,165.06912925889924,Standard,PGL_KONKURS_ATGM,10,91.2741498870378,CC_BHANUR,Konkurs,Integration,Bhanur,221,10,463,0.0021551724137931034,2023-09,16.0,Double,4,24,0.8382803374635726,6,24.5896880315262,10,0,1.720435344856259,0.02914082525880867,0,294,43.585232514294,0,10.62246138005406,0.0,9.512378592254308,0.0,120.6419831859563,0.09829613987071074,0,0,OK
WC_SHEET,SHEET_FAB_02,44.63949464349854,62.98826543792351,Standard,PGL_AKASH_SAM,2,8.183907351308065,CC_IBP,Akash,Mech_Fab,Ibrahimpatnam,357,11,369,0.002702702702702703,2024-02,24.0,Triple,5,22,0.8718573781884745,0,25.588173373786546,15,0,3.023917083367342,0.02208645088798877,1,314,93.9452378180271,0,9.147908630984887,15.703623072565225,5.837633933550567,0.0,13.172229000011285,0.011202554078631318,0,0,OK
WC_PACK,PACK_LINE_01,42.87946726352964,172.80993656134103,Standard,PGL_KONKURS_ATGM,13,7.14657787725494,CC_BHANUR,Konkurs,QA_Inspect,Bhanur,148,10,63,0.015625,2023-11,16.0,Double,2,24,0.8559066302870765,8,12.399430416450965,7,0,5.85453084434259,0.026284294124797658,0,97,51.234684454943604,0,14.057884502556181,0.0,11.775992934659328,0.0,12.671137221110516,0.016224547121632592,0,0,OK
